timestamp,date_GMT,status,attendance,home_team_name,away_team_name,referee,Pre-Match PPG (Home),Pre-Match PPG (Away),home_ppg,away_ppg,home_team_goal_count,away_team_goal_count,total_goal_count,total_goals_at_half_time,home_team_goal_count_half_time,away_team_goal_count_half_time,home_team_goal_timings,away_team_goal_timings,home_team_corner_count,away_team_corner_count,home_team_yellow_cards,home_team_red_cards,away_team_yellow_cards,away_team_red_cards,home_team_first_half_cards,home_team_second_half_cards,away_team_first_half_cards,away_team_second_half_cards,home_team_shots,away_team_shots,home_team_shots_on_target,away_team_shots_on_target,home_team_shots_off_target,away_team_shots_off_target,home_team_fouls,away_team_fouls,home_team_possession,away_team_possession,average_goals_per_match_pre_match,btts_percentage_pre_match,over_15_percentage_pre_match,over_25_percentage_pre_match,over_35_percentage_pre_match,over_45_percentage_pre_match,over_15_HT_FHG_percentage_pre_match,over_05_HT_FHG_percentage_pre_match,average_corners_per_match_pre_match,average_cards_per_match_pre_match,odds_ft_home_team_win,odds_ft_draw,odds_ft_away_team_win,odds_ft_over15,odds_ft_over25,odds_ft_over35,odds_ft_over45,odds_btts_yes,odds_btts_no,stadium_name
1565980200,Aug 16 2019 - 6:30pm,complete,75000,Bayern München,Hertha BSC,Harm Osmers,0.00,0.00,2.38,1.25,2,2,4,3,1,2,"24,60","36,38",12,0,3,0,3,0,0,3,1,2,20,7,10,4,10,3,5,17,70,30,0.00,0,0,0,0,0,0,0,0.00,0.00,12.00,1.05,41.00,0.00,4.00,0.00,0.00,0.00,0.00,Allianz Arena (München)
1566048600,Aug 17 2019 - 1:30pm,complete,81365,Borussia Dortmund,Augsburg,Frank Willenborg,0.00,0.00,2.25,0.94,5,1,6,2,1,1,"3,51,57,59,82","1",10,0,0,0,0,0,0,0,0,0,24,6,11,2,13,4,8,7,74,26,0.00,0,0,0,0,0,0,0,0.00,0.00,1.22,5.00,19.00,0.00,5.50,0.00,0.00,0.00,0.00,Signal-Iduna-Park (Dortmund)
1566048600,Aug 17 2019 - 1:30pm,complete,26208,Bayer Leverkusen,Paderborn,Tobias Stieler,0.00,0.00,1.75,0.75,3,2,5,4,2,2,"10,19,69","15,25",6,6,2,0,0,0,1,1,0,0,15,10,5,6,10,4,9,9,65,35,0.00,0,0,0,0,0,0,0,0.00,0.00,1.02,21.00,501.00,0.00,4.10,0.00,0.00,0.00,0.00,BayArena (Leverkusen)
1566048600,Aug 17 2019 - 1:30pm,complete,25099,Wolfsburg,Köln,Sven Jablonski,0.00,0.00,1.19,0.88,2,1,3,1,1,0,"16,60","90'1",2,6,1,0,3,0,0,1,1,2,15,11,7,3,8,8,16,17,51,49,0.00,0,0,0,0,0,0,0,0.00,0.00,1.02,21.00,501.00,0.00,3.60,0.00,0.00,0.00,0.00,VOLKSWAGEN ARENA (Wolfsburg)
1566048600,Aug 17 2019 - 1:30pm,complete,42100,Werder Bremen,Fortuna Düsseldorf,Felix Zwayer,0.00,0.00,0.38,0.75,1,3,4,1,0,1,"47","36,52,64",14,5,0,0,2,0,0,0,2,0,27,12,13,7,14,5,8,13,64,36,0.00,0,0,0,0,0,0,0,0.00,0.00,401.00,51.00,1.00,0.00,6.25,0.00,0.00,0.00,0.00,wohninvest WESERSTADION (Bremen)
1566048600,Aug 17 2019 - 1:30pm,complete,24000,Freiburg,Mainz 05,Robert Hartmann,0.00,0.00,1.63,1.25,3,0,3,0,0,0,"81,83,87","",5,5,1,0,3,0,0,1,3,0,14,13,5,7,9,6,6,13,-1,-1,0.00,0,0,0,0,0,0,0,0.00,0.00,0.00,0.00,0.00,0.00,5.20,0.00,0.00,0.00,0.00,Schwarzwald-Stadion (Freiburg im Breisgau)
1566059400,Aug 17 2019 - 4:30pm,complete,54022,Borussia M'gladbach,Schalke 04,Felix Brych,0.00,0.00,2.19,1.06,0,0,0,0,0,0,"","",8,3,3,0,2,0,1,2,1,1,12,7,6,3,6,4,8,12,-1,-1,0.00,0,0,0,0,0,0,0,0.00,0.00,19.00,1.03,26.00,0.00,7.50,0.00,0.00,0.00,0.00,Stadion im BORUSSIA-PARK (Mönchengladbach)
1566135000,Aug 18 2019 - 1:30pm,complete,50200,Eintracht Frankfurt,Hoffenheim,Daniel Siebert,0.00,0.00,1.56,1.69,1,0,1,1,1,0,"1","",10,5,3,0,1,0,1,2,0,1,16,7,9,3,7,4,17,11,-1,-1,0.00,0,0,0,0,0,0,0,0.00,0.00,0.00,0.00,0.00,0.00,4.70,0.00,0.00,0.00,0.00,Commerzbank-Arena (Frankfurt am Main)
1566144000,Aug 18 2019 - 4:00pm,complete,22467,Union Berlin,RB Leipzig,Markus Schmidt,0.00,0.00,1.50,2.13,0,4,4,3,0,3,"","16,31,42,69",3,6,1,0,0,0,0,1,0,0,6,9,4,7,2,2,13,5,-1,-1,0.00,0,0,0,0,0,0,0,0.00,0.00,151.00,51.00,1.00,0.00,7.30,0.00,0.00,0.00,0.00,Stadion An der Alten Försterei (Berlin)
1566585000,Aug 23 2019 - 6:30pm,complete,50000,Köln,Borussia Dortmund,Christian Dingert,0.00,0.00,1.31,1.88,1,3,4,1,1,0,"29","70,86,90'4",7,8,2,0,1,0,1,1,0,1,7,11,0,4,7,7,12,10,-1,-1,0.00,0,0,0,0,0,0,0,0.00,0.00,0.00,0.00,0.00,0.00,4.70,0.00,0.00,0.00,0.00,RheinEnergieStadion (Köln)
1566653400,Aug 24 2019 - 1:30pm,complete,27333,Hoffenheim,Werder Bremen,Sascha Stegemann,0.00,0.00,1.19,1.38,3,2,5,1,0,1,"54,59,87","42,81",3,6,2,0,4,1,0,2,1,4,4,11,0,4,4,7,13,15,-1,-1,0.00,0,0,0,0,0,0,0,0.00,0.00,1.01,26.00,501.00,0.00,6.25,0.00,0.00,0.00,0.00,PreZero Arena (Sinsheim)
1566653400,Aug 24 2019 - 1:30pm,complete,44538,Fortuna Düsseldorf,Bayer Leverkusen,Patrick Ittrich,0.00,0.00,1.06,2.00,1,3,4,3,0,3,"82","6,33,39",1,5,3,0,2,0,0,3,1,1,10,9,7,7,3,2,14,10,-1,-1,0.00,0,0,0,0,0,0,0,0.00,0.00,401.00,51.00,1.00,0.00,5.00,0.00,0.00,0.00,0.00,Merkur Spiel-Arena (Düsseldorf)
1566653400,Aug 24 2019 - 1:30pm,complete,28005,Mainz 05,Borussia M'gladbach,Martin Petersen,0.00,0.00,0.88,1.50,1,3,4,2,1,1,"18","31,77,79",3,5,2,0,2,0,2,0,0,2,15,9,5,5,10,4,12,14,-1,-1,0.00,0,0,0,0,0,0,0,0.00,0.00,401.00,51.00,1.00,0.00,5.20,0.00,0.00,0.00,0.00,OPEL ARENA (Mainz)
1566653400,Aug 24 2019 - 1:30pm,complete,27703,Augsburg,Union Berlin,Robert Schröder,0.00,0.00,1.25,0.88,1,1,2,0,0,0,"59","80",3,4,3,0,1,1,2,1,0,2,9,8,4,5,5,3,16,19,-1,-1,0.00,0,0,0,0,0,0,0,0.00,0.00,15.00,1.05,23.00,0.00,4.50,0.00,0.00,0.00,0.00,WWK Arena (Augsburg)
1566653400,Aug 24 2019 - 1:30pm,complete,14322,Paderborn,Freiburg,Tobias Welz,0.00,0.00,0.50,1.19,1,3,4,3,1,2,"3","21,40,90",9,5,3,0,1,0,1,2,1,0,10,7,4,4,6,3,20,6,-1,-1,0.00,0,0,0,0,0,0,0,0.00,0.00,401.00,11.00,1.05,0.00,5.50,0.00,0.00,0.00,0.00,Benteler-Arena (Paderborn)
1566664200,Aug 24 2019 - 4:30pm,complete,62271,Schalke 04,Bayern München,Marco Fritz,0.00,0.00,1.38,2.38,0,3,3,1,0,1,"","20,50,75",3,4,0,0,0,0,0,0,0,0,9,7,3,4,6,3,10,10,-1,-1,0.00,0,0,0,0,0,0,0,0.00,0.00,126.00,23.00,1.01,0.00,5.75,0.00,0.00,0.00,0.00,VELTINS-Arena (Gelsenkirchen)
1566739800,Aug 25 2019 - 1:30pm,complete,40108,RB Leipzig,Eintracht Frankfurt,Benjamin Cortus,0.00,0.00,1.81,1.00,2,1,3,1,1,0,"10,80","89",4,1,2,0,3,0,1,1,1,2,5,8,3,5,2,3,10,13,-1,-1,0.00,0,0,0,0,0,0,0,0.00,0.00,1.02,19.00,501.00,0.00,4.50,0.00,0.00,0.00,0.00,Red Bull Arena (Leipzig)
1566748800,Aug 25 2019 - 4:00pm,complete,42738,Hertha BSC,Wolfsburg,Guido Winkmann,0.00,0.00,1.13,1.69,0,3,3,1,0,1,"","9,82,90'1",2,5,1,0,0,0,1,0,0,0,7,7,4,2,3,5,14,11,-1,-1,0.00,0,0,0,0,0,0,0,0.00,0.00,401.00,51.00,1.00,0.00,6.00,0.00,0.00,0.00,0.00,Olympiastadion Berlin (Berlin)
1567189800,Aug 30 2019 - 6:30pm,complete,47327,Borussia M'gladbach,RB Leipzig,Sven Jablonski,1.00,3.00,2.19,2.13,1,3,4,1,0,1,"90","38,47,90'4",9,5,3,0,2,0,2,1,1,1,13,9,5,3,8,6,19,19,-1,-1,2.00,0,50,50,50,0,50,50,14.00,3.00,501.00,19.00,1.02,0.00,4.85,0.00,0.00,0.00,0.00,Stadion im BORUSSIA-PARK (Mönchengladbach)
1567258200,Aug 31 2019 - 1:30pm,complete,75000,Bayern München,Mainz 05,Markus Schmidt,1.00,0.00,2.38,1.25,6,1,7,3,2,1,"36,45,54,64,78,80","6",10,1,3,0,3,0,1,2,2,1,15,7,8,5,7,2,16,13,-1,-1,3.50,50,100,100,50,0,50,50,17.00,6.00,0.00,0.00,0.00,0.00,4.30,0.00,0.00,0.00,0.00,Allianz Arena (München)
1567258200,Aug 31 2019 - 1:30pm,complete,26506,Bayer Leverkusen,Hoffenheim,Felix Zwayer,3.00,0.00,1.75,1.69,0,0,0,0,0,0,"","",19,0,2,0,2,0,0,2,0,2,16,7,4,2,12,5,8,11,-1,-1,3.00,50,50,50,50,50,50,100,11.00,3.00,17.00,1.03,29.00,0.00,6.40,0.00,0.00,0.00,0.00,BayArena (Leverkusen)
1567258200,Aug 31 2019 - 1:30pm,complete,23750,Wolfsburg,Paderborn,Daniel Schlager,3.00,0.00,1.19,0.75,1,1,2,1,0,1,"56","12",8,3,0,0,3,0,0,0,0,3,12,6,5,4,7,2,8,14,-1,-1,4.00,100,100,100,50,50,50,100,8.00,1.00,17.00,1.03,26.00,0.00,5.20,0.00,0.00,0.00,0.00,VOLKSWAGEN ARENA (Wolfsburg)
1567258200,Aug 31 2019 - 1:30pm,complete,24000,Freiburg,Köln,Robert Kampka,3.00,0.00,1.63,0.88,1,2,3,1,1,0,"40","52,90'2",5,6,0,0,2,0,0,0,1,1,14,6,3,3,11,3,6,14,-1,-1,3.00,50,100,100,0,0,0,50,11.00,4.00,501.00,21.00,1.02,0.00,6.60,0.00,0.00,0.00,0.00,Schwarzwald-Stadion (Freiburg im Breisgau)
1567258200,Aug 31 2019 - 1:30pm,complete,58875,Schalke 04,Hertha BSC,Tobias Stieler,0.00,1.00,1.38,1.25,3,0,3,1,1,0,"38,48,85","",5,3,1,0,1,0,0,1,1,0,6,8,3,3,3,5,12,9,-1,-1,3.50,50,100,100,50,0,50,100,3.00,3.00,1.00,41.00,301.00,0.00,6.40,0.00,0.00,0.00,0.00,VELTINS-Arena (Gelsenkirchen)
1567269000,Aug 31 2019 - 4:30pm,complete,22012,Union Berlin,Borussia Dortmund,Felix Brych,0.00,3.00,1.50,1.88,3,1,4,2,1,1,"22,50,75","25",7,4,0,0,0,0,0,0,0,0,10,13,5,4,5,9,13,2,-1,-1,4.00,50,100,100,100,0,50,100,11.00,2.00,1.00,51.00,401.00,0.00,5.50,0.00,0.00,0.00,0.00,Stadion An der Alten Försterei (Berlin)
1567344600,Sep 1 2019 - 1:30pm,complete,40041,Werder Bremen,Augsburg,Sören Storks,0.00,0.00,0.38,0.94,3,2,5,3,2,1,"6,21,67","12,46",4,2,1,0,3,1,0,1,3,1,14,10,5,6,9,4,9,11,-1,-1,5.00,100,100,100,100,50,50,100,14.00,0.00,1.01,26.00,501.00,0.00,4.20,0.00,0.00,0.00,0.00,wohninvest WESERSTADION (Bremen)
1567353600,Sep 1 2019 - 4:00pm,complete,49800,Eintracht Frankfurt,Fortuna Düsseldorf,Frank Willenborg,3.00,3.00,1.56,0.75,2,1,3,1,0,1,"57,86","36",4,1,2,0,4,0,1,1,2,2,11,8,7,5,4,3,12,15,-1,-1,2.50,50,50,50,50,0,0,100,15.00,5.00,1.01,23.00,501.00,0.00,6.80,0.00,0.00,0.00,0.00,Commerzbank-Arena (Frankfurt am Main)
1568399400,Sep 13 2019 - 6:30pm,complete,36758,Fortuna Düsseldorf,Wolfsburg,Manuel Gräfe,0.00,3.00,1.06,1.69,1,1,2,2,1,1,"16","29",3,8,0,0,2,0,0,0,2,0,10,11,4,7,6,4,8,14,-1,-1,3.50,50,100,100,50,0,50,100,6.00,3.00,26.00,1.02,21.00,0.00,7.50,0.00,0.00,0.00,0.00,Merkur Spiel-Arena (Düsseldorf)
1568467800,Sep 14 2019 - 1:30pm,complete,81365,Borussia Dortmund,Bayer Leverkusen,Daniel Siebert,3.00,3.00,2.25,2.00,4,0,4,1,1,0,"28,50,83,90","",3,3,0,0,3,0,0,0,1,2,5,12,4,4,1,8,10,13,-1,-1,5.00,100,100,100,100,50,100,100,15.00,2.00,1.01,29.00,201.00,0.00,6.80,0.00,0.00,0.00,0.00,Signal-Iduna-Park (Dortmund)
1568467800,Sep 14 2019 - 1:30pm,complete,22798,Mainz 05,Hertha BSC,Marco Fritz,0.00,0.50,0.88,1.25,2,1,3,1,1,0,"40,88","83",6,3,2,0,2,0,1,1,1,1,7,13,5,7,2,6,16,11,-1,-1,3.75,75,100,100,75,0,75,100,4.50,4.00,1.01,23.00,501.00,0.00,6.60,0.00,0.00,0.00,0.00,OPEL ARENA (Mainz)
1568467800,Sep 14 2019 - 1:30pm,complete,28513,Augsburg,Eintracht Frankfurt,Harm Osmers,1.00,0.00,1.25,1.00,2,1,3,2,2,0,"35,43","73",2,11,2,0,1,0,0,2,1,0,6,13,5,5,1,8,8,8,-1,-1,2.50,100,100,50,0,0,0,50,4.00,6.00,1.03,17.00,501.00,0.00,5.50,0.00,0.00,0.00,0.00,WWK Arena (Augsburg)
1568467800,Sep 14 2019 - 1:30pm,complete,50000,Köln,Borussia M'gladbach,Deniz Aytekin,0.00,3.00,1.31,1.50,0,1,1,1,0,1,"","14",4,7,2,0,2,0,1,1,1,1,15,12,8,4,7,8,21,18,-1,-1,4.00,100,100,100,100,0,50,100,12.00,4.00,501.00,21.00,1.02,0.00,5.75,0.00,0.00,0.00,0.00,RheinEnergieStadion (Köln)
1568467800,Sep 14 2019 - 1:30pm,complete,22012,Union Berlin,Werder Bremen,Tobias Welz,1.50,0.00,1.50,1.38,1,2,3,2,1,1,"14","5,55",7,4,2,1,3,1,0,3,1,3,11,15,8,7,3,8,21,11,-1,-1,4.50,75,100,100,100,50,50,100,11.00,5.50,501.00,19.00,1.02,0.00,4.85,0.00,0.00,0.00,0.00,Stadion An der Alten Försterei (Berlin)
1568478600,Sep 14 2019 - 4:30pm,complete,42146,RB Leipzig,Bayern München,Sascha Stegemann,3.00,3.00,1.81,2.38,1,1,2,2,1,1,"45'3","3",3,6,4,0,2,0,1,3,1,1,12,12,5,5,7,7,10,4,-1,-1,3.00,50,100,100,0,0,0,100,8.00,2.00,26.00,1.03,17.00,0.00,5.75,0.00,0.00,0.00,0.00,Red Bull Arena (Leipzig)
1568554200,Sep 15 2019 - 1:30pm,complete,29395,Hoffenheim,Freiburg,Guido Winkmann,3.00,3.00,1.19,1.19,0,3,3,2,0,2,"","11,38,59",12,4,0,0,2,0,0,0,1,1,17,11,7,8,10,3,11,6,-1,-1,4.50,100,100,100,100,50,50,100,8.00,3.00,201.00,51.00,1.00,0.00,6.15,0.00,0.00,0.00,0.00,PreZero Arena (Sinsheim)
1568563200,Sep 15 2019 - 4:00pm,complete,15000,Paderborn,Schalke 04,Robert Schröder,0.00,1.00,0.50,1.06,1,5,6,2,1,1,"8","33,49,71,83,85",3,5,2,0,1,0,1,1,1,0,6,12,5,8,1,4,17,11,-1,-1,2.00,50,50,50,50,0,50,50,12.00,5.00,0.00,0.00,0.00,0.00,7.10,0.00,0.00,0.00,0.00,Benteler-Arena (Paderborn)
1569004200,Sep 20 2019 - 6:30pm,complete,58687,Schalke 04,Mainz 05,Daniel Schlager,1.50,0.00,1.38,1.25,2,1,3,1,1,0,"36,89","74",5,5,1,0,1,0,0,1,0,1,16,10,6,3,10,7,7,14,-1,-1,4.00,25,100,100,25,25,25,75,7.00,3.50,1.01,26.00,501.00,0.00,7.50,0.00,0.00,0.00,0.00,VELTINS-Arena (Gelsenkirchen)
1569072600,Sep 21 2019 - 1:30pm,complete,75000,Bayern München,Köln,Patrick Ittrich,2.00,1.50,2.38,0.88,4,0,4,1,1,0,"3,48,62,73","",12,4,4,0,0,1,1,3,0,1,17,10,5,5,12,5,15,19,-1,-1,4.25,100,100,100,50,25,50,100,17.00,5.50,0.00,0.00,0.00,0.00,5.20,0.00,0.00,0.00,0.00,Allianz Arena (München)
1569072600,Sep 21 2019 - 1:30pm,complete,27430,Bayer Leverkusen,Union Berlin,Robert Hartmann,2.00,1.00,1.75,0.88,2,0,2,2,2,0,"20,25","",8,1,0,0,1,1,0,0,0,2,16,3,7,2,9,1,10,10,-1,-1,2.25,75,75,25,25,25,25,25,16.50,5.00,1.00,51.00,351.00,0.00,3.90,0.00,0.00,0.00,0.00,BayArena (Leverkusen)
1569072600,Sep 21 2019 - 1:30pm,complete,43588,Hertha BSC,Paderborn,Frank Willenborg,0.00,0.50,1.13,0.75,2,1,3,1,1,0,"10,52","54",1,8,4,0,4,0,1,3,1,3,5,12,3,8,2,4,13,14,-1,-1,3.25,50,100,75,25,25,25,100,6.50,2.50,1.02,21.00,501.00,0.00,4.20,0.00,0.00,0.00,0.00,Olympiastadion Berlin (Berlin)
1569072600,Sep 21 2019 - 1:30pm,complete,23800,Freiburg,Augsburg,Bastian Dankert,1.50,0.00,1.63,0.94,1,1,2,2,1,1,"23","39",7,4,1,0,1,0,1,0,0,1,8,7,5,3,3,4,13,12,-1,-1,4.25,75,100,100,50,50,50,75,6.00,2.50,21.00,1.02,26.00,0.00,6.80,0.00,0.00,0.00,0.00,Schwarzwald-Stadion (Freiburg im Breisgau)
1569083400,Sep 21 2019 - 4:30pm,complete,40550,Werder Bremen,RB Leipzig,Tobias Stieler,1.50,3.00,0.38,2.13,0,3,3,2,0,2,"","13,35,83",4,7,0,0,2,1,0,0,2,1,7,9,3,4,4,5,12,16,-1,-1,4.25,75,100,100,100,25,50,100,14.50,1.50,0.00,0.00,0.00,0.00,6.40,0.00,0.00,0.00,0.00,wohninvest WESERSTADION (Bremen)
1569159000,Sep 22 2019 - 1:30pm,complete,52413,Borussia M'gladbach,Fortuna Düsseldorf,Christian Dingert,0.50,1.50,2.19,0.75,2,1,3,1,0,1,"74,87","6",10,4,2,0,3,0,1,1,1,2,16,13,9,5,7,8,15,11,-1,-1,2.75,75,75,75,50,0,0,75,11.50,6.00,1.02,21.00,501.00,0.00,6.40,0.00,0.00,0.00,0.00,Stadion im BORUSSIA-PARK (Mönchengladbach)
1569168000,Sep 22 2019 - 4:00pm,complete,51500,Eintracht Frankfurt,Borussia Dortmund,Markus Schmidt,3.00,1.50,1.56,1.88,2,2,4,2,1,1,"43,88","11,66",5,8,2,0,2,0,0,2,1,1,13,11,5,7,8,4,18,12,-1,-1,3.00,75,75,75,50,0,25,100,13.00,3.00,23.00,1.04,17.00,0.00,7.10,0.00,0.00,0.00,0.00,Commerzbank-Arena (Frankfurt am Main)
1569263400,Sep 23 2019 - 6:30pm,complete,21120,Wolfsburg,Hoffenheim,Benjamin Cortus,2.00,0.50,1.19,1.69,1,1,2,2,1,1,"36","6",4,6,2,0,4,0,0,2,1,3,11,10,6,5,5,5,11,18,-1,-1,1.50,50,50,25,0,0,0,75,7.50,2.00,19.00,1.04,21.00,0.00,5.20,0.00,0.00,0.00,0.00,VOLKSWAGEN ARENA (Wolfsburg)
1569609000,Sep 27 2019 - 6:30pm,complete,22012,Union Berlin,Eintracht Frankfurt,Sascha Stegemann,1.00,0.00,1.50,1.00,1,2,3,0,0,0,"86","48,62",4,5,1,0,1,0,0,1,1,0,10,8,6,5,4,3,11,11,-1,-1,3.34,84,100,100,34,0,75,100,11.67,3.33,501.00,23.00,1.01,0.00,5.50,0.00,0.00,0.00,0.00,Stadion An der Alten Försterei (Berlin)
1569677400,Sep 28 2019 - 1:30pm,complete,42146,RB Leipzig,Schalke 04,Manuel Gräfe,2.00,2.00,1.81,1.06,1,3,4,2,0,2,"83","29,43,58",8,4,1,0,1,0,1,0,0,1,14,8,6,5,8,3,13,12,-1,-1,2.75,75,75,50,25,25,50,75,7.50,4.50,401.00,51.00,1.00,0.00,4.20,0.00,0.00,0.00,0.00,Red Bull Arena (Leipzig)
1569677400,Sep 28 2019 - 1:30pm,complete,29030,Hoffenheim,Borussia M'gladbach,Harm Osmers,1.50,3.00,1.19,1.50,0,3,3,1,0,1,"","43,65,83",2,5,2,0,2,0,0,2,1,1,16,9,7,3,9,6,10,11,-1,-1,3.25,50,75,75,50,25,50,100,13.50,3.00,151.00,26.00,1.01,0.00,6.25,0.00,0.00,0.00,0.00,PreZero Arena (Sinsheim)
1569677400,Sep 28 2019 - 1:30pm,complete,24303,Mainz 05,Wolfsburg,Felix Brych,1.50,2.00,0.88,1.69,0,1,1,1,0,1,"","9",10,1,2,0,3,0,1,1,1,2,13,5,7,4,6,1,9,16,-1,-1,3.00,75,100,75,25,0,50,100,11.00,3.00,501.00,23.00,1.01,0.00,6.60,0.00,0.00,0.00,0.00,OPEL ARENA (Mainz)
1569677400,Sep 28 2019 - 1:30pm,complete,27113,Augsburg,Bayer Leverkusen,Robert Kampka,2.00,1.50,1.25,2.00,0,3,3,1,0,1,"","34,76,84",1,3,4,0,0,0,2,2,0,0,5,5,3,3,2,2,15,9,-1,-1,3.25,75,100,75,50,0,50,75,6.50,5.00,301.00,51.00,1.00,0.00,6.60,0.00,0.00,0.00,0.00,WWK Arena (Augsburg)
1569677400,Sep 28 2019 - 1:30pm,complete,15000,Paderborn,Bayern München,Felix Zwayer,0.00,2.00,0.50,2.38,2,3,5,1,0,1,"68,84","15,55,79",11,5,1,0,1,0,0,1,1,0,10,15,5,4,5,11,8,6,-1,-1,3.75,75,100,75,50,25,75,100,11.00,3.50,501.00,26.00,1.01,0.00,3.90,0.00,0.00,0.00,0.00,Benteler-Arena (Paderborn)
1569688200,Sep 28 2019 - 4:30pm,complete,81365,Borussia Dortmund,Werder Bremen,Deniz Aytekin,3.00,1.50,2.25,1.38,2,2,4,3,2,1,"9,41","7,55",9,2,1,0,0,0,0,1,0,0,14,8,7,6,7,2,8,10,-1,-1,4.50,75,100,100,75,50,50,100,11.50,4.50,17.00,1.03,29.00,0.00,6.60,0.00,0.00,0.00,0.00,Signal-Iduna-Park (Dortmund)
1569763800,Sep 29 2019 - 1:30pm,complete,39244,Fortuna Düsseldorf,Freiburg,Daniel Siebert,0.50,3.00,1.06,1.19,1,2,3,2,1,1,"42","45,81",5,1,2,0,2,0,1,1,1,1,15,3,9,0,6,3,8,11,-1,-1,3.25,75,100,75,50,0,100,100,6.50,3.00,501.00,17.00,1.03,0.00,4.00,0.00,0.00,0.00,0.00,Merkur Spiel-Arena (Düsseldorf)
1569772800,Sep 29 2019 - 4:00pm,complete,49700,Köln,Hertha BSC,Sören Storks,0.00,0.33,1.31,1.25,0,4,4,1,0,1,"","23,58,62,83",8,4,1,1,0,0,1,1,0,0,10,6,4,4,6,2,10,13,-1,-1,2.92,59,75,75,42,0,17,100,7.50,4.00,151.00,51.00,1.00,0.00,6.80,0.00,0.00,0.00,0.00,RheinEnergieStadion (Köln)
1570213800,Oct 4 2019 - 6:30pm,complete,37128,Hertha BSC,Fortuna Düsseldorf,Martin Petersen,1.50,1.00,1.13,0.75,3,1,4,3,2,1,"37,44,62","32",9,2,3,0,3,0,1,2,1,2,11,7,2,3,9,4,16,18,-1,-1,3.17,75,100,100,17,0,0,100,4.83,5.50,1.00,51.00,401.00,0.00,5.75,0.00,0.00,0.00,0.00,Olympiastadion Berlin (Berlin)
1570282200,Oct 5 2019 - 1:30pm,complete,75000,Bayern München,Hoffenheim,Tobias Stieler,2.33,0.67,2.38,1.69,1,2,3,0,0,0,"73","54,79",9,3,2,0,0,0,1,1,0,0,14,6,5,5,9,1,8,12,-1,-1,3.00,50,67,50,50,17,50,84,15.00,5.66,151.00,6.50,1.11,0.00,3.90,0.00,0.00,0.00,0.00,Allianz Arena (München)
1570282200,Oct 5 2019 - 1:30pm,complete,26355,Bayer Leverkusen,RB Leipzig,Marco Fritz,2.33,3.00,1.75,2.13,1,1,2,0,0,0,"66","78",4,0,2,0,2,0,1,1,0,2,9,8,6,4,3,4,11,12,-1,-1,3.00,33,84,67,50,17,67,84,17.00,3.00,21.00,1.03,21.00,0.00,6.60,0.00,0.00,0.00,0.00,BayArena (Leverkusen)
1570282200,Oct 5 2019 - 1:30pm,complete,24000,Freiburg,Borussia Dortmund,Sven Jablonski,1.33,1.33,1.63,1.88,2,2,4,1,0,1,"55,89","20,67",3,11,0,0,3,0,0,0,1,2,6,6,0,3,6,3,10,8,-1,-1,3.34,84,100,84,50,0,50,84,12.34,1.67,26.00,1.05,13.00,0.00,4.10,0.00,0.00,0.00,0.00,Schwarzwald-Stadion (Freiburg im Breisgau)
1570282200,Oct 5 2019 - 1:30pm,complete,14217,Paderborn,Mainz 05,Patrick Ittrich,0.00,0.00,0.50,1.25,1,2,3,3,1,2,"14","8,32",7,10,1,0,4,0,0,1,2,2,12,14,6,8,6,6,7,17,-1,-1,4.67,84,100,100,67,50,50,84,11.34,4.33,501.00,19.00,1.02,0.00,0.00,0.00,0.00,0.00,0.00,Benteler-Arena (Paderborn)
1570293000,Oct 5 2019 - 4:30pm,complete,61883,Schalke 04,Köln,Tobias Welz,2.00,1.00,1.38,0.88,1,1,2,0,0,0,"71","90'1",6,4,4,0,4,0,3,1,2,2,9,9,3,5,6,4,16,16,-1,-1,3.17,50,100,100,17,0,0,100,9.66,3.00,12.00,1.07,21.00,0.00,0.00,0.00,0.00,0.00,0.00,VELTINS-Arena (Gelsenkirchen)
1570361400,Oct 6 2019 - 11:30am,complete,50352,Borussia M'gladbach,Augsburg,Robert Schröder,1.33,0.33,2.19,0.94,5,1,6,4,4,0,"2,8,13,39,83","80",2,7,1,0,2,0,1,0,1,1,8,7,5,0,3,7,9,9,-1,-1,3.33,84,84,67,50,34,50,84,11.00,4.34,0.00,0.00,0.00,0.00,6.15,0.00,0.00,0.00,0.00,Stadion im BORUSSIA-PARK (Mönchengladbach)
1570368600,Oct 6 2019 - 1:30pm,complete,27012,Wolfsburg,Union Berlin,Bastian Dankert,1.67,0.50,1.19,0.88,1,0,1,0,0,0,"69","",5,4,2,0,2,0,2,0,1,1,10,16,3,6,7,10,18,15,-1,-1,2.17,75,100,17,0,0,42,75,7.17,4.00,1.02,21.00,501.00,0.00,4.60,0.00,0.00,0.00,0.00,VOLKSWAGEN ARENA (Wolfsburg)
1570377600,Oct 6 2019 - 4:00pm,complete,51500,Eintracht Frankfurt,Werder Bremen,Guido Winkmann,2.33,1.33,1.56,1.38,2,2,4,1,0,1,"55,88","27,90'1",10,1,2,0,1,0,1,1,1,0,21,5,7,3,14,2,12,8,-1,-1,3.34,84,84,84,50,17,50,100,10.33,5.33,19.00,1.03,26.00,0.00,0.00,0.00,0.00,0.00,0.00,Commerzbank-Arena (Frankfurt am Main)
1571423400,Oct 18 2019 - 6:30pm,complete,50800,Eintracht Frankfurt,Bayer Leverkusen,Christian Dingert,2.00,2.00,1.56,2.00,3,0,3,2,2,0,"4,16,80","",4,1,1,0,1,0,1,0,1,0,8,18,4,12,4,6,10,11,-1,-1,3.34,54,88,88,59,0,29,100,10.92,3.92,0.00,0.00,0.00,0.00,4.70,0.00,0.00,0.00,0.00,Commerzbank-Arena (Frankfurt am Main)
1571491800,Oct 19 2019 - 1:30pm,complete,39182,RB Leipzig,Wolfsburg,Deniz Aytekin,1.33,2.33,1.81,1.69,1,1,2,0,0,0,"54","82",3,3,1,0,3,0,0,1,3,0,9,8,5,3,4,5,10,9,-1,-1,2.50,67,84,50,17,0,50,100,9.67,4.00,17.00,1.03,29.00,0.00,6.00,0.00,0.00,0.00,0.00,Red Bull Arena (Leipzig)
1571491800,Oct 19 2019 - 1:30pm,complete,41447,Werder Bremen,Hertha BSC,Felix Brych,1.00,1.00,0.38,1.25,1,1,2,1,1,0,"7","70",7,5,1,0,1,0,0,1,0,1,13,10,7,2,6,8,8,11,-1,-1,3.75,59,100,100,59,17,46,100,9.83,1.83,21.00,1.03,23.00,0.00,6.60,0.00,0.00,0.00,0.00,wohninvest WESERSTADION (Bremen)
1571491800,Oct 19 2019 - 1:30pm,complete,40660,Fortuna Düsseldorf,Mainz 05,Felix Zwayer,0.33,0.75,1.06,1.25,1,0,1,0,0,0,"82","",8,1,2,0,3,1,0,2,2,2,19,8,9,4,10,4,11,18,-1,-1,3.50,88,100,84,29,13,75,88,8.25,4.42,1.01,26.00,501.00,0.00,5.50,0.00,0.00,0.00,0.00,Merkur Spiel-Arena (Düsseldorf)
1571491800,Oct 19 2019 - 1:30pm,complete,30660,Augsburg,Bayern München,Daniel Siebert,1.33,2.33,1.25,2.38,2,2,4,2,1,1,"1,90'1","14,49",3,7,3,0,3,0,0,3,2,1,6,15,5,9,1,6,11,7,-1,-1,3.00,67,100,67,17,17,33,84,7.00,4.00,81.00,1.07,8.50,0.00,3.70,0.00,0.00,0.00,0.00,WWK Arena (Augsburg)
1571491800,Oct 19 2019 - 1:30pm,complete,22012,Union Berlin,Freiburg,Benjamin Cortus,0.75,3.00,1.50,1.19,2,0,2,1,1,0,"1,84","",3,4,3,0,0,0,1,2,0,0,11,7,8,7,3,0,21,13,-1,-1,3.42,71,100,100,42,0,88,88,8.58,2.92,1.00,51.00,401.00,0.00,6.25,0.00,0.00,0.00,0.00,Stadion An der Alten Försterei (Berlin)
1571502600,Oct 19 2019 - 4:30pm,complete,81365,Borussia Dortmund,Borussia M'gladbach,Sascha Stegemann,2.33,3.00,2.25,1.50,1,0,1,0,0,0,"58","",10,8,1,0,2,0,0,1,0,2,16,9,10,4,6,5,13,15,-1,-1,3.67,50,84,84,67,17,50,100,13.00,2.33,1.02,21.00,501.00,0.00,5.00,0.00,0.00,0.00,0.00,Signal-Iduna-Park (Dortmund)
1571578200,Oct 20 2019 - 1:30pm,complete,50000,Köln,Paderborn,Manuel Gräfe,0.00,0.33,1.31,0.75,3,0,3,1,1,0,"8,59,85","",6,9,0,0,0,0,0,0,0,0,10,7,5,2,5,5,6,8,-1,-1,3.17,67,84,67,50,17,17,100,12.00,4.66,0.00,0.00,0.00,0.00,6.25,0.00,0.00,0.00,0.00,RheinEnergieStadion (Köln)
1571587200,Oct 20 2019 - 4:00pm,complete,29477,Hoffenheim,Schalke 04,Robert Hartmann,1.00,2.33,1.19,1.06,2,0,2,0,0,0,"71,85","",3,8,2,0,2,0,1,1,0,2,6,9,0,3,6,6,12,14,-1,-1,3.50,50,84,84,50,33,50,84,9.67,2.66,1.00,51.00,401.00,0.00,5.50,0.00,0.00,0.00,0.00,PreZero Arena (Sinsheim)
1572028200,Oct 25 2019 - 6:30pm,complete,31999,Mainz 05,Köln,Frank Willenborg,1.00,1.00,0.88,0.88,3,1,4,2,1,1,"21,57,82","14",5,10,2,0,2,0,0,2,1,1,12,12,5,8,7,4,20,9,-1,-1,2.84,71,84,71,29,0,17,88,11.33,4.75,1.00,51.00,401.00,0.00,0.00,0.00,0.00,0.00,0.00,OPEL ARENA (Mainz)
1572096600,Oct 26 2019 - 1:30pm,complete,75000,Bayern München,Union Berlin,Marco Fritz,1.75,0.33,2.38,0.88,2,1,3,1,1,0,"13,53","86",8,2,0,0,1,0,0,0,1,0,15,6,10,3,5,3,9,16,-1,-1,3.09,54,84,50,38,13,42,54,13.75,5.67,1.01,23.00,501.00,0.00,4.10,0.00,0.00,0.00,0.00,Allianz Arena (München)
1572096600,Oct 26 2019 - 1:30pm,complete,44702,Hertha BSC,Hoffenheim,Markus Schmidt,2.00,1.25,1.13,1.69,2,3,5,2,0,2,"55,69","33,38,79",4,4,2,1,3,0,0,3,0,3,7,9,4,6,3,3,17,11,-1,-1,2.42,59,75,63,17,0,29,75,7.50,4.42,501.00,19.00,1.02,0.00,3.30,0.00,0.00,0.00,0.00,Olympiastadion Berlin (Berlin)
1572096600,Oct 26 2019 - 1:30pm,complete,24000,Freiburg,RB Leipzig,Harm Osmers,1.25,2.50,1.63,2.13,2,1,3,1,1,0,"45'2,90","90'2",5,4,3,0,1,0,0,3,0,1,6,11,2,6,4,5,9,9,-1,-1,3.13,63,100,75,38,0,38,75,9.50,2.25,1.03,15.00,501.00,0.00,4.70,0.00,0.00,0.00,0.00,Schwarzwald-Stadion (Freiburg im Breisgau)
1572096600,Oct 26 2019 - 1:30pm,complete,61873,Schalke 04,Borussia Dortmund,Felix Brych,1.75,1.25,1.38,1.88,0,0,0,0,0,0,"","",8,2,3,0,2,0,1,2,1,1,11,7,4,4,7,3,8,6,-1,-1,3.38,75,100,88,50,0,25,88,12.50,3.00,21.00,1.04,21.00,0.00,7.50,0.00,0.00,0.00,0.00,VELTINS-Arena (Gelsenkirchen)
1572096600,Oct 26 2019 - 1:30pm,complete,14182,Paderborn,Fortuna Düsseldorf,Bastian Dankert,0.00,0.75,0.50,0.75,2,0,2,1,1,0,"43,64","",4,7,5,0,4,0,2,3,1,3,10,12,5,6,5,6,23,16,-1,-1,4.00,100,100,100,63,25,50,100,10.50,4.75,1.00,51.00,401.00,0.00,4.70,0.00,0.00,0.00,0.00,Benteler-Arena (Paderborn)
1572107400,Oct 26 2019 - 4:30pm,complete,30210,Bayer Leverkusen,Werder Bremen,Martin Petersen,2.00,1.25,1.75,1.38,2,2,4,2,1,1,"4,58","40,48",10,1,2,0,1,0,0,2,0,1,14,9,4,2,10,7,12,13,-1,-1,3.13,75,88,63,50,25,50,75,12.50,4.00,17.00,1.03,29.00,0.00,7.50,0.00,0.00,0.00,0.00,BayArena (Leverkusen)
1572186600,Oct 27 2019 - 2:30pm,complete,22630,Wolfsburg,Augsburg,Tobias Stieler,2.00,0.25,1.19,0.94,0,0,0,0,0,0,"","",5,3,0,0,0,0,0,0,0,0,13,10,3,7,10,3,14,13,-1,-1,3.38,88,88,50,38,38,63,88,8.00,3.00,19.00,1.02,29.00,0.00,8.10,0.00,0.00,0.00,0.00,VOLKSWAGEN ARENA (Wolfsburg)
1572195600,Oct 27 2019 - 5:00pm,complete,52300,Borussia M'gladbach,Eintracht Frankfurt,Daniel Schlager,1.75,1.00,2.19,1.00,4,2,6,2,2,0,"28,45'2,75,85","59,79",5,6,1,0,1,0,1,0,0,1,10,9,5,3,5,6,14,15,-1,-1,3.13,88,88,88,25,13,29,71,12.92,3.92,1.00,51.00,401.00,0.00,5.50,0.00,0.00,0.00,0.00,Stadion im BORUSSIA-PARK (Mönchengladbach)
1572636600,Nov 1 2019 - 7:30pm,complete,23629,Hoffenheim,Paderborn,Robert Schröder,1.50,0.25,1.19,0.75,3,0,3,3,3,0,"2,15,25","",4,4,0,0,1,0,0,0,0,1,9,9,6,4,3,5,8,12,-1,-1,3.25,50,100,75,25,25,25,88,11.50,3.25,1.00,51.00,151.00,0.00,6.25,0.00,0.00,0.00,0.00,PreZero Arena (Sinsheim)
1572705000,Nov 2 2019 - 2:30pm,complete,80200,Borussia Dortmund,Wolfsburg,Tobias Welz,2.50,2.00,2.25,1.69,3,0,3,0,0,0,"52,58,88","",7,2,1,0,3,0,1,0,2,1,14,11,8,5,6,6,12,18,-1,-1,2.88,50,75,50,38,13,38,75,12.25,2.50,1.00,51.00,401.00,0.00,6.00,0.00,0.00,0.00,0.00,Signal-Iduna-Park (Dortmund)
1572705000,Nov 2 2019 - 2:30pm,complete,38517,RB Leipzig,Mainz 05,Guido Winkmann,1.25,0.60,1.81,1.25,8,0,8,5,5,0,"5,30,35,38,44,48,50,87","",3,4,0,0,1,0,0,0,0,1,9,6,3,3,6,3,9,6,-1,-1,3.08,80,90,65,23,10,45,68,8.90,5.00,1.00,41.00,101.00,0.00,6.80,0.00,0.00,0.00,0.00,Red Bull Arena (Leipzig)
1572705000,Nov 2 2019 - 2:30pm,complete,30210,Bayer Leverkusen,Borussia M'gladbach,Daniel Siebert,1.80,2.25,1.75,1.50,1,2,3,3,1,2,"25","18,42",13,0,2,1,1,0,2,1,0,1,19,6,8,4,11,2,13,8,-1,-1,2.43,43,65,45,33,10,43,68,15.65,3.60,501.00,15.00,1.03,0.00,4.10,0.00,0.00,0.00,0.00,BayArena (Leverkusen)
1572705000,Nov 2 2019 - 2:30pm,complete,51500,Eintracht Frankfurt,Bayern München,Markus Schmidt,2.20,2.00,1.56,2.38,5,1,6,3,2,1,"25,33,49,61,85","37",3,0,1,0,2,1,0,1,1,2,12,10,8,9,4,1,12,7,-1,-1,3.25,68,90,78,45,13,45,100,12.10,3.50,1.00,51.00,151.00,0.00,6.80,0.00,0.00,0.00,0.00,Commerzbank-Arena (Frankfurt am Main)
1572705000,Nov 2 2019 - 2:30pm,complete,41000,Werder Bremen,Freiburg,Christian Dingert,1.00,2.25,0.38,1.19,2,2,4,2,1,1,"9,59","28,90'3",5,0,3,0,3,1,0,3,0,4,13,11,9,2,4,9,17,9,-1,-1,3.25,63,100,75,38,13,63,100,10.75,1.75,12.00,1.05,34.00,0.00,4.50,0.00,0.00,0.00,0.00,wohninvest WESERSTADION (Bremen)
1572715800,Nov 2 2019 - 5:30pm,complete,22012,Union Berlin,Hertha BSC,Deniz Aytekin,1.20,1.00,1.50,1.25,1,0,1,0,0,0,"87","",1,4,1,0,1,0,0,1,0,1,11,7,7,4,4,3,15,8,-1,-1,3.20,60,100,80,40,0,40,90,7.80,3.00,1.01,23.00,501.00,0.00,7.10,0.00,0.00,0.00,0.00,Stadion An der Alten Försterei (Berlin)
1572791400,Nov 3 2019 - 2:30pm,complete,51155,Fortuna Düsseldorf,Köln,Sven Jablonski,1.00,0.80,1.06,0.88,2,0,2,1,1,0,"38,61","",3,4,1,0,3,0,0,1,2,1,6,8,2,2,4,6,11,19,-1,-1,2.85,78,88,65,33,0,48,78,10.25,4.35,1.00,51.00,401.00,0.00,5.20,0.00,0.00,0.00,0.00,Merkur Spiel-Arena (Düsseldorf)
1572800400,Nov 3 2019 - 5:00pm,complete,30361,Augsburg,Schalke 04,Patrick Ittrich,1.25,1.75,1.25,1.06,2,3,5,2,1,1,"38,60","45'1,71,82",1,6,3,0,5,0,0,3,2,3,6,5,3,2,3,3,13,12,-1,-1,3.00,63,88,63,38,13,50,63,7.25,4.50,501.00,23.00,1.01,0.00,5.00,0.00,0.00,0.00,0.00,WWK Arena (Augsburg)
1573241400,Nov 8 2019 - 7:30pm,complete,49100,Köln,Hoffenheim,Robert Kampka,0.75,1.60,1.31,1.69,1,2,3,1,1,0,"34","48,90'8",5,7,4,0,3,0,1,3,2,1,8,13,4,4,4,9,19,14,-1,-1,2.60,43,68,58,35,10,20,80,9.85,3.75,26.00,1.02,23.00,0.00,8.80,0.00,0.00,0.00,0.00,RheinEnergieStadion (Köln)
1573309800,Nov 9 2019 - 2:30pm,complete,48532,Hertha BSC,RB Leipzig,Sören Storks,1.50,2.00,1.13,2.13,2,4,6,3,1,2,"32,90'2","38,45'1,86,90'1",0,5,2,0,1,0,1,1,1,0,4,6,2,4,2,2,11,12,-1,-1,3.48,68,100,90,45,13,45,90,8.40,4.35,401.00,51.00,1.00,0.00,4.60,0.00,0.00,0.00,0.00,Olympiastadion Berlin (Berlin)
1573309800,Nov 9 2019 - 2:30pm,complete,24349,Mainz 05,Union Berlin,Harm Osmers,1.50,0.25,0.88,0.88,2,3,5,2,0,2,"81,90'4","30,45'3,51",3,2,1,0,4,0,1,0,1,3,12,7,5,3,7,4,16,15,-1,-1,2.50,63,75,50,25,0,38,75,8.75,4.25,501.00,21.00,1.02,0.00,5.75,0.00,0.00,0.00,0.00,OPEL ARENA (Mainz)
1573309800,Nov 9 2019 - 2:30pm,complete,61831,Schalke 04,Fortuna Düsseldorf,Robert Hartmann,1.60,0.60,1.38,0.75,3,3,6,1,1,0,"33,67,79","62,74,85",2,4,2,0,4,0,0,2,0,4,7,6,2,3,5,3,9,16,-1,-1,2.70,60,90,70,20,0,10,80,9.20,5.00,19.00,1.03,23.00,0.00,5.20,0.00,0.00,0.00,0.00,VELTINS-Arena (Gelsenkirchen)
1573309800,Nov 9 2019 - 2:30pm,complete,13758,Paderborn,Augsburg,Marco Fritz,0.60,0.40,0.50,0.94,0,1,1,1,0,1,"","41",5,7,1,0,3,0,0,1,0,3,8,12,4,5,4,7,15,11,-1,-1,3.90,80,90,70,60,50,70,90,10.00,3.80,501.00,21.00,1.02,0.00,4.70,0.00,0.00,0.00,0.00,Benteler-Arena (Paderborn)
1573320600,Nov 9 2019 - 5:30pm,complete,75000,Bayern München,Borussia Dortmund,Felix Zwayer,2.00,1.20,2.38,1.88,4,0,4,1,1,0,"17,47,76,80","",2,1,2,0,1,0,0,2,0,1,14,3,4,0,10,3,11,12,-1,-1,3.70,80,90,90,70,10,40,80,16.80,4.00,0.00,0.00,0.00,0.00,5.75,0.00,0.00,0.00,0.00,Allianz Arena (München)
1573389000,Nov 10 2019 - 12:30pm,complete,54022,Borussia M'gladbach,Werder Bremen,Tobias Stieler,2.00,1.20,2.19,1.38,3,1,4,2,2,0,"20,22,59","90'3",3,8,4,1,4,0,2,3,1,3,12,12,5,6,7,6,17,13,-1,-1,3.90,90,90,90,70,30,50,90,9.60,4.20,1.00,51.00,151.00,0.00,6.15,0.00,0.00,0.00,0.00,Stadion im BORUSSIA-PARK (Mönchengladbach)
1573396200,Nov 10 2019 - 2:30pm,complete,24112,Wolfsburg,Bayer Leverkusen,Manuel Gräfe,1.80,1.50,1.19,2.00,0,2,2,1,0,1,"","25,90'6",9,0,2,0,2,0,1,1,1,1,9,7,3,3,6,4,9,11,-1,-1,2.55,43,80,60,25,0,35,80,7.80,2.50,501.00,23.00,1.01,0.00,5.50,0.00,0.00,0.00,0.00,VOLKSWAGEN ARENA (Wolfsburg)
1573405200,Nov 10 2019 - 5:00pm,complete,24000,Freiburg,Eintracht Frankfurt,Felix Brych,1.60,0.75,1.63,1.00,1,0,1,0,0,0,"77","",8,10,1,1,2,2,0,2,2,2,12,13,7,7,5,6,7,13,-1,-1,3.38,90,100,90,23,13,35,78,10.75,2.50,1.01,23.00,501.00,0.00,6.00,0.00,0.00,0.00,0.00,Schwarzwald-Stadion (Freiburg im Breisgau)
1574451000,Nov 22 2019 - 7:30pm,complete,81365,Borussia Dortmund,Paderborn,Christian Dingert,2.60,0.20,2.25,0.75,3,3,6,3,0,3,"47,84,90'2","5,37,43",10,2,3,0,1,0,1,2,0,1,15,8,5,4,10,4,8,8,-1,-1,3.40,50,90,80,40,20,40,80,13.80,2.20,15.00,1.05,26.00,0.00,3.60,0.00,0.00,0.00,0.00,Signal-Iduna-Park (Dortmund)
1574519400,Nov 23 2019 - 2:30pm,complete,29032,Bayer Leverkusen,Freiburg,Deniz Aytekin,1.50,2.00,1.75,1.19,1,1,2,2,1,1,"36","5",13,3,0,0,3,0,0,0,0,3,18,7,10,2,8,5,10,13,-1,-1,2.94,64,92,65,37,9,74,84,12.80,3.80,15.00,1.04,34.00,0.00,6.25,0.00,0.00,0.00,0.00,BayArena (Leverkusen)
1574519400,Nov 23 2019 - 2:30pm,complete,50700,Eintracht Frankfurt,Wolfsburg,Daniel Siebert,2.33,1.60,1.56,1.69,0,2,2,1,0,1,"","19,65",12,1,3,0,4,1,1,2,3,2,19,7,11,5,8,2,13,23,-1,-1,2.85,54,82,62,25,9,35,80,9.80,4.03,401.00,51.00,1.00,0.00,4.60,0.00,0.00,0.00,0.00,Commerzbank-Arena (Frankfurt am Main)
1574519400,Nov 23 2019 - 2:30pm,complete,42100,Werder Bremen,Schalke 04,Benjamin Cortus,1.00,2.00,0.38,1.06,1,2,3,1,0,1,"80","43,53",1,3,3,0,2,0,0,3,0,2,9,6,4,5,5,1,12,15,-1,-1,3.50,70,90,70,60,30,60,80,12.00,3.20,501.00,19.00,1.02,0.00,5.00,0.00,0.00,0.00,0.00,wohninvest WESERSTADION (Bremen)
1574519400,Nov 23 2019 - 2:30pm,complete,53000,Fortuna Düsseldorf,Bayern München,Frank Willenborg,1.40,1.60,1.06,2.38,0,4,4,3,0,3,"","11,27,34,70",8,6,1,0,1,0,1,0,1,0,6,11,2,3,4,8,8,6,-1,-1,3.20,70,90,60,40,20,60,90,8.40,3.60,151.00,51.00,1.00,0.00,5.75,0.00,0.00,0.00,0.00,Merkur Spiel-Arena (Düsseldorf)
1574519400,Nov 23 2019 - 2:30pm,complete,22012,Union Berlin,Borussia M'gladbach,Felix Brych,1.50,2.40,1.50,1.50,2,0,2,1,1,0,"15,90'1","",2,6,1,0,1,0,1,0,0,1,8,10,6,6,2,4,12,6,-1,-1,2.62,45,72,64,27,0,45,74,9.17,3.30,1.00,51.00,401.00,0.00,6.00,0.00,0.00,0.00,0.00,Stadion An der Alten Försterei (Berlin)
1574530200,Nov 23 2019 - 5:30pm,complete,42036,RB Leipzig,Köln,Robert Schröder,1.60,0.67,1.81,0.88,4,1,5,4,3,1,"22,32,37,79","39",13,3,0,0,3,0,0,0,0,3,16,6,5,0,11,6,9,14,-1,-1,3.40,74,100,64,37,10,39,82,9.87,4.27,0.00,0.00,0.00,0.00,5.20,0.00,0.00,0.00,0.00,Red Bull Arena (Leipzig)
1574605800,Nov 24 2019 - 2:30pm,complete,29233,Augsburg,Hertha BSC,Sascha Stegemann,1.00,0.83,1.25,1.25,4,0,4,2,2,0,"17,26,52,79","",3,3,0,0,2,1,0,0,2,1,10,5,2,2,8,3,8,18,-1,-1,3.12,65,92,74,37,10,39,82,5.17,4.33,1.00,51.00,151.00,0.00,6.00,0.00,0.00,0.00,0.00,WWK Arena (Augsburg)
1574614800,Nov 24 2019 - 5:00pm,complete,23129,Hoffenheim,Mainz 05,Bastian Dankert,1.80,0.50,1.19,1.25,1,5,6,1,0,1,"83","33,52,62,90,90'3",14,3,1,0,3,1,1,0,2,2,19,8,11,3,8,5,9,13,-1,-1,3.69,35,92,82,27,27,45,74,9.13,3.87,251.00,34.00,1.01,0.00,4.85,0.00,0.00,0.00,0.00,PreZero Arena (Sinsheim)
1575055800,Nov 29 2019 - 7:30pm,complete,61837,Schalke 04,Union Berlin,Daniel Schlager,1.50,0.80,1.38,0.88,2,1,3,2,1,1,"23,86","36",7,4,1,0,4,0,0,1,3,1,8,13,5,7,3,6,8,13,-1,-1,2.72,55,82,54,19,19,20,64,7.43,4.43,1.01,29.00,501.00,0.00,8.30,0.00,0.00,0.00,0.00,VELTINS-Arena (Gelsenkirchen)
1575124200,Nov 30 2019 - 2:30pm,complete,25427,Hoffenheim,Fortuna Düsseldorf,Martin Petersen,1.50,0.67,1.19,0.75,1,1,2,1,1,0,"6","87",2,5,2,0,4,0,0,2,2,2,8,9,5,3,3,6,11,16,-1,-1,3.67,58,100,83,42,25,25,92,10.16,4.50,17.00,1.04,29.00,0.00,6.00,0.00,0.00,0.00,0.00,PreZero Arena (Sinsheim)
1575124200,Nov 30 2019 - 2:30pm,complete,74667,Hertha BSC,Borussia Dortmund,Sven Jablonski,1.20,1.00,1.13,1.88,1,2,3,3,1,2,"34","15,17",2,2,3,0,1,1,2,1,2,0,10,4,4,2,6,2,13,9,-1,-1,3.77,74,92,92,72,20,47,92,8.87,4.10,501.00,19.00,1.02,0.00,5.75,0.00,0.00,0.00,0.00,Olympiastadion Berlin (Berlin)
1575124200,Nov 30 2019 - 2:30pm,complete,49200,Köln,Augsburg,Tobias Stieler,0.60,0.83,1.31,0.94,1,1,2,1,0,1,"86","43",4,8,7,1,2,1,5,3,3,0,12,7,6,3,6,4,13,16,-1,-1,3.17,54,74,65,45,25,34,92,9.83,3.87,19.00,1.03,23.00,0.00,6.00,0.00,0.00,0.00,0.00,RheinEnergieStadion (Köln)
1575124200,Nov 30 2019 - 2:30pm,complete,13253,Paderborn,RB Leipzig,Bibiana Steinhaus,0.50,2.17,0.50,2.13,2,3,5,3,0,3,"62,73","3,4,26",6,6,3,0,3,0,1,2,1,2,6,11,3,7,3,4,10,13,-1,-1,3.59,67,92,75,50,25,50,92,11.00,3.67,501.00,23.00,1.01,0.00,0.00,0.00,0.00,0.00,0.00,Benteler-Arena (Paderborn)
1575135000,Nov 30 2019 - 5:30pm,complete,75000,Bayern München,Bayer Leverkusen,Guido Winkmann,2.17,1.80,2.38,2.00,1,2,3,3,1,2,"34","10,35",8,2,1,0,3,1,0,1,1,3,22,9,13,6,9,3,9,16,-1,-1,3.69,44,100,90,54,9,37,92,11.23,3.93,501.00,13.00,1.04,0.00,4.30,0.00,0.00,0.00,0.00,Allianz Arena (München)
1575210600,Dec 1 2019 - 2:30pm,complete,51080,Borussia M'gladbach,Freiburg,Felix Zwayer,2.17,1.83,2.19,1.19,4,2,6,2,1,1,"3,46,51,71","6,58",2,3,3,0,2,0,2,1,1,1,13,8,7,4,6,4,15,15,-1,-1,3.42,75,92,75,50,17,67,92,9.00,4.50,1.00,51.00,401.00,0.00,6.00,0.00,0.00,0.00,0.00,Stadion im BORUSSIA-PARK (Mönchengladbach)
1575219600,Dec 1 2019 - 5:00pm,complete,26012,Wolfsburg,Werder Bremen,Robert Kampka,1.50,1.00,1.19,1.38,2,3,5,3,1,2,"36,73","13,39,83",9,3,1,0,4,0,0,1,0,4,10,6,5,0,5,6,14,14,-1,-1,2.84,75,84,59,42,9,42,84,9.17,3.67,501.00,19.00,1.02,0.00,4.70,0.00,0.00,0.00,0.00,VOLKSWAGEN ARENA (Wolfsburg)
1575315000,Dec 2 2019 - 7:30pm,complete,33184,Mainz 05,Eintracht Frankfurt,Manuel Gräfe,1.20,0.60,0.88,1.00,2,1,3,1,0,1,"50,69","33",8,6,1,0,2,1,0,1,2,1,15,12,9,4,6,8,14,9,-1,-1,3.30,80,80,80,40,20,50,80,12.00,4.00,1.01,23.00,501.00,0.00,4.40,0.00,0.00,0.00,0.00,OPEL ARENA (Mainz)
1575660600,Dec 6 2019 - 7:30pm,complete,50000,Eintracht Frankfurt,Hertha BSC,Christian Dingert,2.00,0.71,1.56,1.25,2,2,4,1,0,1,"65,86","30,63",16,1,3,0,4,0,0,3,2,2,21,5,9,2,12,3,10,16,-1,-1,3.15,50,86,71,43,7,36,93,10.00,3.71,19.00,1.02,29.00,0.00,6.80,0.00,0.00,0.00,0.00,Commerzbank-Arena (Frankfurt am Main)
1575729000,Dec 7 2019 - 2:30pm,complete,81365,Borussia Dortmund,Fortuna Düsseldorf,Daniel Siebert,2.33,0.71,2.25,0.75,5,0,5,1,1,0,"42,58,63,69,74","",6,0,0,0,3,0,0,0,2,1,16,3,8,0,8,3,8,10,-1,-1,3.72,68,92,77,55,24,32,84,12.17,4.43,1.01,29.00,151.00,0.00,5.00,0.00,0.00,0.00,0.00,Signal-Iduna-Park (Dortmund)
1575729000,Dec 7 2019 - 2:30pm,complete,38407,RB Leipzig,Hoffenheim,Deniz Aytekin,1.83,1.83,1.81,1.69,3,1,4,1,1,0,"11,52,83","89",8,6,3,0,1,0,0,3,0,1,20,8,9,2,11,6,14,4,-1,-1,3.17,75,84,59,34,25,50,75,9.84,3.50,1.00,41.00,251.00,0.00,4.85,0.00,0.00,0.00,0.00,Red Bull Arena (Leipzig)
1575729000,Dec 7 2019 - 2:30pm,complete,54022,Borussia M'gladbach,Bayern München,Marco Fritz,2.29,1.83,2.19,2.38,2,1,3,0,0,0,"60,90'2","49",2,5,3,0,4,1,1,2,0,5,6,13,2,5,4,8,13,18,-1,-1,4.07,77,93,85,69,38,62,93,10.24,4.40,1.02,21.00,501.00,0.00,0.00,0.00,0.00,0.00,0.00,Stadion im BORUSSIA-PARK (Mönchengladbach)
1575729000,Dec 7 2019 - 2:30pm,complete,23800,Freiburg,Wolfsburg,Bastian Dankert,1.83,1.83,1.63,1.69,1,0,1,0,0,0,"85","",2,7,0,0,2,0,0,0,1,1,7,6,5,0,2,6,14,21,-1,-1,2.42,50,83,50,9,0,17,67,8.83,4.00,1.01,23.00,501.00,0.00,7.50,0.00,0.00,0.00,0.00,Schwarzwald-Stadion (Freiburg im Breisgau)
1575729000,Dec 7 2019 - 2:30pm,complete,26950,Augsburg,Mainz 05,Markus Schmidt,1.33,0.86,1.25,1.25,2,1,3,2,1,1,"41,65","15",8,2,2,0,2,0,1,1,1,1,14,8,6,4,8,4,15,13,-1,-1,3.97,62,93,85,47,30,55,77,6.31,5.50,1.02,21.00,501.00,0.00,6.15,0.00,0.00,0.00,0.00,WWK Arena (Augsburg)
1575739800,Dec 7 2019 - 5:30pm,complete,30210,Bayer Leverkusen,Schalke 04,Harm Osmers,1.43,2.17,1.75,1.06,2,1,3,1,1,0,"15,81","82",9,0,2,0,2,0,1,1,1,1,15,4,8,3,7,1,11,11,-1,-1,2.95,69,85,55,40,24,61,69,15.26,3.88,1.01,23.00,501.00,0.00,5.00,0.00,0.00,0.00,0.00,BayArena (Leverkusen)
1575815400,Dec 8 2019 - 2:30pm,complete,22012,Union Berlin,Köln,Patrick Ittrich,1.71,0.57,1.50,0.88,2,0,2,1,1,0,"33,50","",3,5,1,0,3,0,0,1,2,1,9,10,5,5,4,5,21,19,-1,-1,3.00,57,93,64,36,7,36,79,9.15,4.14,1.00,51.00,401.00,0.00,6.80,0.00,0.00,0.00,0.00,Stadion An der Alten Försterei (Berlin)
1575824400,Dec 8 2019 - 5:00pm,complete,39870,Werder Bremen,Paderborn,Sascha Stegemann,0.83,0.33,0.38,0.75,0,1,1,0,0,0,"","90",13,6,1,0,4,0,0,1,2,2,13,13,5,7,8,6,10,14,-1,-1,3.59,75,100,83,42,25,50,100,11.16,2.83,501.00,19.00,1.02,0.00,5.75,0.00,0.00,0.00,0.00,wohninvest WESERSTADION (Bremen)
1576265400,Dec 13 2019 - 7:30pm,complete,23309,Hoffenheim,Augsburg,Bibiana Steinhaus,1.43,0.86,1.19,0.94,2,4,6,2,1,1,"14,80","11,51,56,85",11,1,1,0,0,0,1,0,0,0,13,2,5,0,8,2,9,7,-1,-1,3.29,57,86,57,36,36,43,86,10.14,3.15,401.00,51.00,1.00,0.00,3.30,0.00,0.00,0.00,0.00,PreZero Arena (Sinsheim)
1576333800,Dec 14 2019 - 2:30pm,complete,75000,Bayern München,Werder Bremen,Robert Schröder,1.86,1.29,2.38,1.38,6,1,7,3,2,1,"45,45'4,63,72,75,78","24",8,2,2,0,2,0,2,0,1,1,20,6,11,3,9,3,15,13,-1,-1,4.07,86,100,100,72,22,57,93,12.28,4.85,1.00,41.00,201.00,0.00,4.60,0.00,0.00,0.00,0.00,Allianz Arena (München)
1576333800,Dec 14 2019 - 2:30pm,complete,37343,Hertha BSC,Freiburg,Frank Willenborg,1.00,1.57,1.13,1.19,1,0,1,0,0,0,"53","",4,7,2,0,0,0,1,1,0,0,12,12,6,4,6,8,11,6,-1,-1,3.72,77,100,86,47,24,77,100,5.86,4.67,1.03,17.00,501.00,0.00,5.50,0.00,0.00,0.00,0.00,Olympiastadion Berlin (Berlin)
1576333800,Dec 14 2019 - 2:30pm,complete,33305,Mainz 05,Borussia Dortmund,Benjamin Cortus,1.50,1.29,0.88,1.88,0,4,4,1,0,1,"","32,66,69,84",3,5,1,0,0,0,1,0,0,0,6,9,0,5,6,4,8,10,-1,-1,3.31,77,85,85,61,9,47,93,10.97,3.24,0.00,0.00,0.00,0.00,5.20,0.00,0.00,0.00,0.00,OPEL ARENA (Mainz)
1576333800,Dec 14 2019 - 2:30pm,complete,49500,Köln,Bayer Leverkusen,Manuel Gräfe,0.67,2.00,1.31,2.00,2,0,2,0,0,0,"73,84","",3,4,2,0,2,2,1,1,2,2,8,7,3,3,5,4,13,10,-1,-1,3.00,42,92,75,33,0,25,100,8.00,5.34,1.00,51.00,351.00,0.00,4.20,0.00,0.00,0.00,0.00,RheinEnergieStadion (Köln)
1576333800,Dec 14 2019 - 2:30pm,complete,14414,Paderborn,Union Berlin,Sven Jablonski,0.43,0.67,0.50,0.88,1,1,2,2,1,1,"33","7",2,3,2,0,4,0,0,2,2,2,10,10,5,4,5,6,18,16,-1,-1,3.19,69,85,61,37,30,54,84,9.26,5.12,15.00,1.09,12.00,0.00,5.75,0.00,0.00,0.00,0.00,Benteler-Arena (Paderborn)
1576344600,Dec 14 2019 - 5:30pm,complete,35387,Fortuna Düsseldorf,RB Leipzig,Robert Hartmann,1.17,2.29,1.06,2.13,0,3,3,1,0,1,"","2,58,75",3,9,2,0,1,0,0,2,1,0,3,15,2,5,1,10,10,9,-1,-1,3.27,61,92,68,45,15,62,85,9.38,3.21,0.00,0.00,0.00,0.00,6.25,0.00,0.00,0.00,0.00,Merkur Spiel-Arena (Düsseldorf)
1576420200,Dec 15 2019 - 2:30pm,complete,25580,Wolfsburg,Borussia M'gladbach,Felix Brych,1.29,2.00,1.19,1.50,2,1,3,2,1,1,"13,90'1","15",5,2,3,0,3,0,2,1,1,2,13,6,6,6,7,0,20,15,-1,-1,2.24,45,69,40,16,7,31,77,11.17,2.81,1.01,23.00,501.00,0.00,6.60,0.00,0.00,0.00,0.00,VOLKSWAGEN ARENA (Wolfsburg)
1576429200,Dec 15 2019 - 5:00pm,complete,60811,Schalke 04,Eintracht Frankfurt,Felix Zwayer,1.71,0.50,1.38,1.00,1,0,1,0,0,0,"53","",7,6,1,1,4,0,0,2,1,3,8,15,5,5,3,10,15,12,-1,-1,3.02,70,85,77,16,16,24,69,11.64,4.21,1.02,21.00,501.00,0.00,5.75,0.00,0.00,0.00,0.00,VELTINS-Arena (Gelsenkirchen)
1576603800,Dec 17 2019 - 5:30pm,complete,37720,Werder Bremen,Mainz 05,Frank Willenborg,0.71,0.75,0.38,1.25,0,5,5,4,0,4,"","10,15,19,38,81",8,5,2,0,2,0,0,2,1,1,15,10,6,5,9,5,13,13,-1,-1,3.70,67,87,80,41,26,47,81,10.74,4.17,0.00,0.00,0.00,0.00,6.40,0.00,0.00,0.00,0.00,wohninvest WESERSTADION (Bremen)
1576611000,Dec 17 2019 - 7:30pm,complete,80200,Borussia Dortmund,RB Leipzig,Tobias Stieler,2.43,2.38,2.25,2.13,3,3,6,2,2,0,"23,34,55","47,53,77",12,3,0,0,0,0,0,0,0,0,12,10,6,7,6,3,9,5,-1,-1,3.95,53,93,87,61,34,47,80,13.11,2.49,21.00,1.03,23.00,0.00,8.30,0.00,0.00,0.00,0.00,Signal-Iduna-Park (Dortmund)
1576611000,Dec 17 2019 - 7:30pm,complete,27763,Augsburg,Fortuna Düsseldorf,Marco Fritz,1.57,0.63,1.25,0.75,3,0,3,1,1,0,"32,61,72","",4,2,3,0,4,0,0,3,2,2,7,5,4,3,3,2,11,14,-1,-1,3.53,73,100,81,47,20,42,93,6.50,5.81,1.02,21.00,126.00,0.00,7.30,0.00,0.00,0.00,0.00,WWK Arena (Augsburg)
1576611000,Dec 17 2019 - 7:30pm,complete,20350,Union Berlin,Hoffenheim,Sören Storks,1.88,1.57,1.50,1.69,0,2,2,0,0,0,"","56,90",6,1,2,0,6,0,1,1,3,3,11,6,5,4,6,2,15,13,-1,-1,2.60,55,80,54,27,7,34,73,8.18,3.38,0.00,0.00,0.00,0.00,0.00,0.00,0.00,0.00,0.00,Stadion An der Alten Försterei (Berlin)
1576690200,Dec 18 2019 - 5:30pm,complete,24472,Bayer Leverkusen,Hertha BSC,Bastian Dankert,1.63,0.75,1.75,1.25,0,1,1,0,0,0,"","64",5,4,2,0,3,0,0,2,1,2,17,8,8,4,9,4,12,12,-1,-1,2.88,63,88,63,38,7,44,82,13.13,3.75,501.00,19.00,1.02,0.00,5.75,0.00,0.00,0.00,0.00,BayArena (Leverkusen)
1576697400,Dec 18 2019 - 7:30pm,complete,44494,Borussia M'gladbach,Paderborn,Robert Kampka,2.38,0.71,2.19,0.75,2,0,2,0,0,0,"46,67","",8,4,2,0,3,0,1,1,1,2,11,10,5,3,6,7,6,14,-1,-1,3.65,73,87,80,46,34,47,81,10.56,4.49,1.00,51.00,401.00,0.00,3.70,0.00,0.00,0.00,0.00,Stadion im BORUSSIA-PARK (Mönchengladbach)
1576697400,Dec 18 2019 - 7:30pm,complete,24651,Wolfsburg,Schalke 04,Martin Petersen,1.50,1.86,1.19,1.06,1,1,2,0,0,0,"82","51",12,5,1,0,1,0,0,1,0,1,22,6,13,2,9,4,12,11,-1,-1,2.77,67,81,55,28,21,41,73,10.02,3.52,19.00,1.03,26.00,0.00,7.10,0.00,0.00,0.00,0.00,VOLKSWAGEN ARENA (Wolfsburg)
1576697400,Dec 18 2019 - 7:30pm,complete,50300,Eintracht Frankfurt,Köln,Deniz Aytekin,1.88,0.50,1.56,0.88,2,4,6,3,2,1,"6,30","44,72,81,90'4",7,10,2,0,4,0,1,1,1,3,15,15,5,5,10,10,12,11,-1,-1,3.26,63,94,69,44,13,32,94,13.25,4.88,501.00,19.00,1.02,0.00,4.60,0.00,0.00,0.00,0.00,Commerzbank-Arena (Frankfurt am Main)
1576697400,Dec 18 2019 - 7:30pm,complete,24000,Freiburg,Bayern München,Sascha Stegemann,2.00,1.57,1.63,2.38,1,3,4,1,0,1,"58","16,90'2,90'5",6,8,0,0,3,0,0,0,0,3,10,13,4,6,6,7,6,8,-1,-1,3.15,64,86,72,36,15,36,72,9.71,3.43,501.00,23.00,1.01,0.00,4.30,0.00,0.00,0.00,0.00,Schwarzwald-Stadion (Freiburg im Breisgau)
1576870200,Dec 20 2019 - 7:30pm,complete,30150,Hoffenheim,Borussia Dortmund,Felix Zwayer,1.25,1.50,1.19,1.88,2,1,3,1,0,1,"79,87","17",0,8,0,0,1,0,0,0,1,0,5,10,0,5,5,5,8,12,-1,-1,3.57,57,94,82,57,19,38,88,11.51,2.63,1.02,19.00,501.00,0.00,5.20,0.00,0.00,0.00,0.00,PreZero Arena (Sinsheim)
1576938600,Dec 21 2019 - 2:30pm,complete,75000,Bayern München,Wolfsburg,Christian Dingert,2.00,1.57,2.38,1.69,2,0,2,0,0,0,"85,89","",12,6,2,0,2,0,0,2,0,2,15,8,8,4,7,4,6,9,-1,-1,3.19,52,86,65,32,13,32,73,12.49,4.70,1.04,13.00,451.00,0.00,4.10,0.00,0.00,0.00,0.00,Allianz Arena (München)
1576938600,Dec 21 2019 - 2:30pm,complete,40562,RB Leipzig,Augsburg,Daniel Siebert,2.00,1.13,1.81,0.94,3,1,4,1,0,1,"68,79,89","8",11,4,1,0,3,0,0,1,1,2,12,3,4,2,8,1,7,10,-1,-1,3.75,81,88,61,54,40,60,87,10.00,3.20,1.03,17.00,501.00,0.00,4.20,0.00,0.00,0.00,0.00,Red Bull Arena (Leipzig)
1576938600,Dec 21 2019 - 2:30pm,complete,24345,Mainz 05,Bayer Leverkusen,Patrick Ittrich,1.29,1.71,0.88,2.00,0,1,1,0,0,0,"","90'3",6,6,0,0,1,1,0,0,0,2,18,10,8,4,10,6,10,8,-1,-1,3.22,50,93,79,43,7,43,93,8.00,4.14,501.00,17.00,1.03,0.00,5.75,0.00,0.00,0.00,0.00,OPEL ARENA (Mainz)
1576938600,Dec 21 2019 - 2:30pm,complete,61867,Schalke 04,Freiburg,Felix Brych,1.88,1.38,1.38,1.19,2,2,4,1,1,0,"26,80","54,67",7,5,1,0,1,0,0,1,0,1,14,12,5,5,9,7,8,12,-1,-1,2.88,57,82,63,26,13,44,76,8.76,3.63,17.00,1.04,23.00,0.00,6.00,0.00,0.00,0.00,0.00,VELTINS-Arena (Gelsenkirchen)
1576938600,Dec 21 2019 - 2:30pm,complete,50000,Köln,Werder Bremen,Daniel Schlager,1.00,1.13,1.31,1.38,1,0,1,1,1,0,"39","",1,7,1,0,4,0,0,1,1,3,7,5,0,2,7,3,11,18,-1,-1,3.61,72,93,79,59,19,38,93,8.67,5.63,1.02,21.00,501.00,0.00,5.20,0.00,0.00,0.00,0.00,RheinEnergieStadion (Köln)
1576949400,Dec 21 2019 - 5:30pm,complete,50208,Hertha BSC,Borussia M'gladbach,Harm Osmers,1.29,1.71,1.13,1.50,0,0,0,0,0,0,"","",1,7,2,0,2,0,1,1,1,1,6,12,0,7,6,5,11,12,-1,-1,3.00,57,79,72,29,15,50,86,7.85,4.43,26.00,1.03,19.00,0.00,7.50,0.00,0.00,0.00,0.00,Olympiastadion Berlin (Berlin)
1577025000,Dec 22 2019 - 2:30pm,complete,45490,Fortuna Düsseldorf,Union Berlin,Benjamin Cortus,1.00,0.71,1.06,0.88,2,1,3,1,1,0,"38,90","48",7,5,2,0,4,0,0,2,0,4,17,9,8,5,9,4,10,20,-1,-1,2.64,57,86,50,22,7,57,79,7.29,4.57,1.01,26.00,501.00,0.00,7.70,0.00,0.00,0.00,0.00,Merkur Spiel-Arena (Düsseldorf)
1577034000,Dec 22 2019 - 5:00pm,complete,15000,Paderborn,Eintracht Frankfurt,Markus Schmidt,0.50,0.43,0.50,1.00,2,1,3,2,2,0,"9,41","72",3,8,3,0,2,0,0,3,1,1,15,14,4,4,11,10,11,11,-1,-1,3.18,73,80,67,32,26,46,79,12.31,4.96,1.02,21.00,501.00,0.00,5.75,0.00,0.00,0.00,0.00,Benteler-Arena (Paderborn)
1579289400,Jan 17 2020 - 7:30pm,complete,62271,Schalke 04,Borussia M'gladbach,Deniz Aytekin,1.78,1.63,1.38,1.50,2,0,2,0,0,0,"48,58","",8,8,3,0,4,0,1,2,1,3,11,10,6,6,5,4,13,17,-1,-1,2.46,47,71,59,18,6,25,71,10.56,3.66,1.00,51.00,401.00,0.00,6.60,0.00,0.00,0.00,0.00,VELTINS-Arena (Gelsenkirchen)
1579357800,Jan 18 2020 - 2:30pm,complete,29610,Hoffenheim,Eintracht Frankfurt,Sascha Stegemann,1.44,0.38,1.19,1.00,1,2,3,1,0,1,"48","18,62",8,6,2,0,2,0,0,2,0,2,12,6,6,0,6,6,10,13,-1,-1,3.28,66,88,77,23,23,36,76,12.30,3.74,501.00,17.00,1.03,0.00,6.25,0.00,0.00,0.00,0.00,PreZero Arena (Sinsheim)
1579357800,Jan 18 2020 - 2:30pm,complete,46000,Fortuna Düsseldorf,Werder Bremen,Felix Brych,1.25,1.00,1.06,1.38,0,1,1,0,0,0,"","66",6,4,4,0,4,1,0,4,1,4,14,10,6,5,8,5,17,12,-1,-1,3.43,70,89,76,52,17,59,94,8.53,4.41,501.00,19.00,1.02,0.00,4.50,0.00,0.00,0.00,0.00,Merkur Spiel-Arena (Düsseldorf)
1579357800,Jan 18 2020 - 2:30pm,complete,23138,Mainz 05,Freiburg,Sven Jablonski,1.13,1.33,0.88,1.19,1,2,3,2,0,2,"82","28,41",7,5,4,0,2,0,2,2,1,1,20,11,8,6,12,5,14,10,-1,-1,3.18,65,82,71,47,12,53,89,9.06,3.05,501.00,17.00,1.03,0.00,5.75,0.00,0.00,0.00,0.00,OPEL ARENA (Mainz)
1579357800,Jan 18 2020 - 2:30pm,complete,30660,Augsburg,Borussia Dortmund,Manuel Gräfe,1.75,1.33,1.25,1.88,3,5,8,1,1,0,"34,46,55","49,59,61,70,79",2,6,0,0,1,0,0,0,0,1,7,9,3,3,4,6,5,5,-1,-1,3.36,65,95,89,53,7,48,89,8.57,3.83,401.00,51.00,1.00,0.00,4.60,0.00,0.00,0.00,0.00,WWK Arena (Augsburg)
1579357800,Jan 18 2020 - 2:30pm,complete,49100,Köln,Wolfsburg,Marco Fritz,1.25,1.38,1.31,1.69,3,1,4,2,2,0,"22,45'2,62","66",8,5,3,0,3,0,0,3,2,1,10,17,5,8,5,9,12,18,-1,-1,2.25,32,75,38,13,0,7,69,8.88,5.25,1.00,51.00,401.00,0.00,7.10,0.00,0.00,0.00,0.00,RheinEnergieStadion (Köln)
1579368600,Jan 18 2020 - 5:30pm,complete,42146,RB Leipzig,Union Berlin,Bastian Dankert,2.13,0.63,1.81,0.88,3,1,4,1,0,1,"51,57,83","10",4,4,1,0,3,0,0,1,0,3,13,8,6,4,7,4,6,18,-1,-1,3.32,82,94,63,38,19,50,82,9.76,4.63,1.00,51.00,401.00,0.00,5.20,0.00,0.00,0.00,0.00,Red Bull Arena (Leipzig)
1579444200,Jan 19 2020 - 2:30pm,complete,74667,Hertha BSC,Bayern München,Tobias Stieler,1.25,1.75,1.13,2.38,0,4,4,0,0,0,"","60,73,76,84",0,4,3,0,1,0,1,2,1,0,4,15,2,11,2,4,6,14,-1,-1,3.51,69,88,82,51,25,50,82,8.01,4.88,0.00,0.00,0.00,0.00,6.15,0.00,0.00,0.00,0.00,Olympiastadion Berlin (Berlin)
1579453200,Jan 19 2020 - 5:00pm,complete,14889,Paderborn,Bayer Leverkusen,Daniel Siebert,0.78,1.88,0.50,2.00,1,4,5,3,0,3,"51","11,14,36,75",6,4,3,0,1,0,2,1,0,1,10,8,8,4,2,4,8,12,-1,-1,3.10,52,89,65,35,17,53,88,8.56,4.83,151.00,51.00,1.00,0.00,5.75,0.00,0.00,0.00,0.00,Benteler-Arena (Paderborn)
1579894200,Jan 24 2020 - 7:30pm,complete,81365,Borussia Dortmund,Köln,Harm Osmers,2.25,0.78,2.25,0.88,5,1,6,2,2,0,"1,29,48,77,87","64",1,3,1,0,1,0,1,0,1,0,7,9,4,6,3,3,6,8,-1,-1,3.91,59,94,78,60,36,42,82,14.16,3.64,0.00,0.00,0.00,0.00,7.10,0.00,0.00,0.00,0.00,Signal-Iduna-Park (Dortmund)
1579962600,Jan 25 2020 - 2:30pm,complete,49175,Borussia M'gladbach,Mainz 05,Felix Zwayer,2.44,1.00,2.19,1.25,3,1,4,2,1,1,"24,76,88","11",6,3,1,0,3,0,0,1,1,2,8,10,4,8,4,2,7,15,-1,-1,4.06,67,89,84,50,39,50,73,9.44,5.34,1.00,51.00,401.00,0.00,7.70,0.00,0.00,0.00,0.00,Stadion im BORUSSIA-PARK (Mönchengladbach)
1579962600,Jan 25 2020 - 2:30pm,complete,24894,Wolfsburg,Hertha BSC,Markus Schmidt,1.44,1.00,1.19,1.25,1,2,3,0,0,0,"68","74,90",9,4,0,0,1,0,0,0,1,0,16,8,7,3,9,5,8,8,-1,-1,2.56,56,78,50,28,6,28,73,9.56,3.44,501.00,19.00,1.02,0.00,6.60,0.00,0.00,0.00,0.00,VOLKSWAGEN ARENA (Wolfsburg)
1579962600,Jan 25 2020 - 2:30pm,complete,50300,Eintracht Frankfurt,RB Leipzig,Daniel Siebert,1.67,2.22,1.56,2.13,2,0,2,0,0,0,"48,90'4","",4,6,1,0,2,0,1,0,0,2,5,20,4,10,1,10,8,11,-1,-1,3.84,67,95,84,56,28,50,95,12.89,3.55,1.04,13.00,501.00,0.00,4.40,0.00,0.00,0.00,0.00,Commerzbank-Arena (Frankfurt am Main)
1579962600,Jan 25 2020 - 2:30pm,complete,23500,Freiburg,Paderborn,Christian Dingert,1.75,0.63,1.63,0.75,0,2,2,0,0,0,"","48,84",6,6,4,0,2,1,1,3,2,1,16,14,8,3,8,11,10,7,-1,-1,2.88,57,82,63,25,13,26,69,10.38,3.00,351.00,41.00,1.00,0.00,4.10,0.00,0.00,0.00,0.00,Schwarzwald-Stadion (Freiburg im Breisgau)
1579962600,Jan 25 2020 - 2:30pm,complete,22012,Union Berlin,Augsburg,Bibiana Steinhaus,1.67,1.00,1.50,0.94,2,0,2,0,0,0,"47,61","",4,5,4,0,1,0,0,4,1,0,6,16,2,9,4,7,17,8,-1,-1,3.06,56,84,50,39,22,45,78,8.00,3.22,1.00,51.00,351.00,0.00,6.40,0.00,0.00,0.00,0.00,Stadion An der Alten Försterei (Berlin)
1579973400,Jan 25 2020 - 5:30pm,complete,75000,Bayern München,Schalke 04,Manuel Gräfe,2.11,1.75,2.38,1.06,5,0,5,2,2,0,"6,45'2,50,58,89","",9,2,0,0,0,0,0,0,0,0,17,7,11,3,6,4,3,5,-1,-1,3.62,71,94,76,47,24,41,71,13.25,4.11,0.00,0.00,0.00,0.00,6.00,0.00,0.00,0.00,0.00,Allianz Arena (München)
1580049000,Jan 26 2020 - 2:30pm,complete,40000,Werder Bremen,Hoffenheim,Martin Petersen,0.63,1.75,0.38,1.69,0,3,3,0,0,0,"","65,79,82",7,4,2,0,2,0,1,1,2,0,12,6,5,3,7,3,15,15,-1,-1,2.94,63,82,63,38,19,38,76,11.00,3.88,0.00,0.00,0.00,0.00,8.80,0.00,0.00,0.00,0.00,wohninvest WESERSTADION (Bremen)
1580058000,Jan 26 2020 - 5:00pm,complete,26250,Bayer Leverkusen,Fortuna Düsseldorf,Daniel Schlager,1.44,0.56,1.75,0.75,3,0,3,1,1,0,"40,78,89","",8,5,0,0,3,0,0,0,1,2,23,12,10,4,13,8,10,9,-1,-1,3.00,67,89,61,33,17,34,84,13.00,5.22,1.00,51.00,401.00,0.00,0.00,0.00,0.00,0.00,0.00,BayArena (Leverkusen)
1580499000,Jan 31 2020 - 7:30pm,complete,47863,Hertha BSC,Schalke 04,Sascha Stegemann,1.11,1.56,1.13,1.06,0,0,0,0,0,0,"","",3,7,1,0,1,0,0,1,0,1,9,9,0,5,9,4,9,9,-1,-1,3.28,62,84,73,44,28,44,67,6.56,4.34,23.00,1.03,21.00,0.00,6.25,0.00,0.00,0.00,0.00,Olympiastadion Berlin (Berlin)
1580567400,Feb 1 2020 - 2:30pm,complete,81365,Borussia Dortmund,Union Berlin,Benjamin Cortus,2.33,0.56,2.25,0.88,5,0,5,2,2,0,"13,18,68,70,76","",5,3,0,0,1,0,0,0,0,1,9,4,4,2,5,2,8,7,-1,-1,3.67,67,89,73,50,34,50,78,10.78,3.89,0.00,0.00,0.00,0.00,6.60,0.00,0.00,0.00,0.00,Signal-Iduna-Park (Dortmund)
1580567400,Feb 1 2020 - 2:30pm,complete,24489,Hoffenheim,Bayer Leverkusen,Deniz Aytekin,1.30,2.00,1.19,2.00,2,1,3,2,1,1,"23,65","11",4,10,3,0,2,1,1,2,2,1,9,15,4,10,5,5,8,10,-1,-1,3.30,47,95,74,32,21,37,84,9.01,3.53,1.02,21.00,501.00,0.00,4.50,0.00,0.00,0.00,0.00,PreZero Arena (Sinsheim)
1580567400,Feb 1 2020 - 2:30pm,complete,45018,Fortuna Düsseldorf,Eintracht Frankfurt,Frank Willenborg,1.11,0.67,1.06,1.00,1,1,2,0,0,0,"78","90'3",4,4,2,0,1,0,0,2,0,1,5,7,2,4,3,3,8,12,-1,-1,2.73,61,78,67,17,6,39,73,11.45,4.45,21.00,1.04,19.00,0.00,4.60,0.00,0.00,0.00,0.00,Merkur Spiel-Arena (Düsseldorf)
1580567400,Feb 1 2020 - 2:30pm,complete,33305,Mainz 05,Bayern München,Bastian Dankert,1.00,1.89,0.88,2.38,1,3,4,4,1,3,"45","8,14,26",6,4,3,0,1,0,0,3,0,1,8,11,4,5,4,6,13,9,-1,-1,3.50,67,89,84,56,17,44,84,10.67,3.89,351.00,51.00,1.00,0.00,3.60,0.00,0.00,0.00,0.00,OPEL ARENA (Mainz)
1580567400,Feb 1 2020 - 2:30pm,complete,29432,Augsburg,Werder Bremen,Marco Fritz,1.56,1.20,1.25,1.38,2,1,3,1,0,1,"67,82","23",5,3,2,0,5,0,0,2,0,5,8,3,3,0,5,3,8,18,-1,-1,3.85,74,90,85,57,26,58,90,6.80,5.22,1.03,17.00,501.00,0.00,4.00,0.00,0.00,0.00,0.00,WWK Arena (Augsburg)
1580578200,Feb 1 2020 - 5:30pm,complete,42146,RB Leipzig,Borussia M'gladbach,Tobias Stieler,2.22,1.44,1.81,1.50,2,2,4,2,0,2,"50,89","24,35",4,4,1,0,4,1,0,1,1,4,13,4,7,3,6,1,12,14,-1,-1,3.06,61,84,61,39,11,39,78,11.66,3.55,13.00,1.04,51.00,0.00,5.20,0.00,0.00,0.00,0.00,Red Bull Arena (Leipzig)
1580653800,Feb 2 2020 - 2:30pm,complete,50000,Köln,Freiburg,Robert Kampka,1.44,1.50,1.31,1.19,4,0,4,1,1,0,"29,55,90'1,90'2","",10,6,3,0,1,0,2,1,0,1,16,7,4,4,12,3,13,10,-1,-1,2.94,57,84,63,37,5,41,90,8.81,4.48,1.00,51.00,401.00,0.00,6.80,0.00,0.00,0.00,0.00,RheinEnergieStadion (Köln)
1580662800,Feb 2 2020 - 5:00pm,complete,13926,Paderborn,Wolfsburg,Patrick Ittrich,0.70,1.22,0.50,1.69,2,4,6,3,1,2,"22,72","26,40,60,76",3,7,3,1,3,0,1,3,2,1,10,6,8,2,2,4,15,18,-1,-1,2.91,57,84,52,31,20,46,78,9.82,4.96,0.00,0.00,0.00,0.00,4.50,0.00,0.00,0.00,0.00,Benteler-Arena (Paderborn)
1581103800,Feb 7 2020 - 7:30pm,complete,48800,Eintracht Frankfurt,Augsburg,Manuel Gräfe,1.80,0.90,1.56,0.94,5,0,5,1,1,0,"37,48,55,89,90","",1,4,1,0,0,0,0,1,0,0,12,9,10,6,2,3,6,5,-1,-1,3.45,65,85,60,50,30,45,85,11.60,3.70,1.00,51.00,151.00,0.00,6.60,0.00,0.00,0.00,0.00,Commerzbank-Arena (Frankfurt am Main)
1581172200,Feb 8 2020 - 2:30pm,complete,23445,Wolfsburg,Fortuna Düsseldorf,Tobias Stieler,1.30,0.50,1.19,0.75,1,1,2,1,0,1,"50","13",3,5,0,1,1,0,0,1,0,1,8,6,5,2,3,4,12,15,-1,-1,2.90,65,90,60,25,15,20,80,10.30,4.60,21.00,1.03,23.00,0.00,7.50,0.00,0.00,0.00,0.00,VOLKSWAGEN ARENA (Wolfsburg)
1581172200,Feb 8 2020 - 2:30pm,complete,42100,Werder Bremen,Union Berlin,Daniel Schlager,0.56,0.50,0.38,0.88,0,2,2,0,0,0,"","52,72",5,5,4,0,3,0,3,1,0,3,13,9,5,5,8,4,7,16,-1,-1,3.17,63,90,69,37,21,47,79,10.20,4.34,401.00,51.00,1.00,0.00,5.20,0.00,0.00,0.00,0.00,wohninvest WESERSTADION (Bremen)
1581172200,Feb 8 2020 - 2:30pm,complete,35049,Hertha BSC,Mainz 05,Martin Petersen,1.10,0.90,1.13,1.25,1,3,4,1,0,1,"84","17,82,90'4",10,1,3,1,1,0,1,3,0,1,11,8,4,0,7,8,13,16,-1,-1,3.60,55,80,80,45,30,50,70,6.50,5.20,501.00,19.00,1.02,0.00,3.80,0.00,0.00,0.00,0.00,Olympiastadion Berlin (Berlin)
1581172200,Feb 8 2020 - 2:30pm,complete,24000,Freiburg,Hoffenheim,Sven Jablonski,1.56,1.89,1.63,1.69,1,0,1,1,1,0,"40","",5,10,3,0,3,0,1,2,1,2,11,18,6,7,5,11,10,14,-1,-1,2.56,56,78,56,22,6,17,56,9.22,3.77,1.02,19.00,501.00,0.00,4.60,0.00,0.00,0.00,0.00,Schwarzwald-Stadion (Freiburg im Breisgau)
1581172200,Feb 8 2020 - 2:30pm,complete,61619,Schalke 04,Paderborn,Felix Brych,1.90,0.89,1.38,0.75,1,1,2,0,0,0,"63","81",11,10,2,0,3,0,0,2,0,3,9,12,4,4,5,8,6,8,-1,-1,2.85,47,85,58,21,16,22,64,11.13,4.01,17.00,1.04,26.00,0.00,6.00,0.00,0.00,0.00,0.00,VELTINS-Arena (Gelsenkirchen)
1581183000,Feb 8 2020 - 5:30pm,complete,30210,Bayer Leverkusen,Borussia Dortmund,Markus Schmidt,1.60,1.50,1.75,1.88,4,3,7,4,2,2,"20,43,81,82","22,33,64",3,7,2,0,1,0,1,1,1,0,4,5,3,2,1,3,10,9,-1,-1,3.15,65,85,70,45,10,40,80,15.00,2.90,1.02,19.00,501.00,0.00,4.50,0.00,0.00,0.00,0.00,BayArena (Leverkusen)
1581267600,Feb 9 2020 - 5:00pm,complete,75000,Bayern München,RB Leipzig,Marco Fritz,2.20,2.00,2.38,2.13,0,0,0,0,0,0,"","",11,3,2,0,2,0,0,2,1,1,9,7,7,2,2,5,8,14,-1,-1,4.00,60,100,85,55,30,50,80,14.10,3.40,17.00,1.03,29.00,0.00,6.15,0.00,0.00,0.00,0.00,Allianz Arena (München)
1581708600,Feb 14 2020 - 7:30pm,complete,81365,Borussia Dortmund,Eintracht Frankfurt,Bastian Dankert,2.40,0.70,2.25,1.00,4,0,4,1,1,0,"33,49,54,74","",5,0,0,0,1,0,0,0,1,0,11,2,6,0,5,2,7,4,-1,-1,3.70,65,85,80,45,35,45,70,13.60,3.10,1.00,51.00,151.00,0.00,7.10,0.00,0.00,0.00,0.00,Signal-Iduna-Park (Dortmund)
1581777000,Feb 15 2020 - 2:30pm,complete,41308,RB Leipzig,Werder Bremen,Benjamin Cortus,2.10,1.09,1.81,1.38,3,0,3,2,2,0,"17,39,46","",8,1,1,0,1,0,0,1,1,0,4,8,0,3,4,5,10,12,-1,-1,3.87,86,91,81,67,24,53,91,9.83,4.58,1.00,51.00,151.00,0.00,8.10,0.00,0.00,0.00,0.00,Red Bull Arena (Leipzig)
1581777000,Feb 15 2020 - 2:30pm,complete,22506,Hoffenheim,Wolfsburg,Sören Storks,1.45,1.40,1.19,1.69,2,3,5,2,1,1,"45,60","18,52,71",4,4,2,0,2,0,1,1,1,1,12,8,7,3,5,5,6,13,-1,-1,3.08,52,90,61,24,19,33,76,10.23,3.96,501.00,19.00,1.02,0.00,4.20,0.00,0.00,0.00,0.00,PreZero Arena (Sinsheim)
1581777000,Feb 15 2020 - 2:30pm,complete,26822,Augsburg,Freiburg,Patrick Ittrich,1.70,1.36,1.25,1.19,1,1,2,1,1,0,"38","51",0,3,4,0,1,0,0,4,0,1,5,6,3,3,2,3,20,5,-1,-1,3.54,67,96,82,43,15,57,91,7.11,3.84,21.00,1.03,21.00,0.00,6.80,0.00,0.00,0.00,0.00,WWK Arena (Augsburg)
1581777000,Feb 15 2020 - 2:30pm,complete,14687,Paderborn,Hertha BSC,Bibiana Steinhaus,0.64,1.20,0.50,1.25,1,2,3,1,0,1,"51","10,67",5,8,2,0,2,0,0,2,0,2,8,9,5,6,3,3,15,13,-1,-1,3.36,66,86,72,48,23,47,85,8.46,4.64,501.00,19.00,1.02,0.00,4.40,0.00,0.00,0.00,0.00,Benteler-Arena (Paderborn)
1581777000,Feb 15 2020 - 2:30pm,complete,22012,Union Berlin,Bayer Leverkusen,Harm Osmers,1.80,1.80,1.50,2.00,2,3,5,2,1,1,"7,87","22,83,90'4",6,4,2,0,2,0,1,1,2,0,13,6,7,3,6,3,10,13,-1,-1,2.75,35,90,55,25,5,40,70,7.80,4.10,501.00,21.00,1.02,0.00,6.60,0.00,0.00,0.00,0.00,Stadion An der Alten Försterei (Berlin)
1581787800,Feb 15 2020 - 5:30pm,complete,51000,Fortuna Düsseldorf,Borussia M'gladbach,Daniel Siebert,1.10,1.40,1.06,1.50,1,4,5,2,1,1,"29","22,51,77,82",2,5,2,0,2,0,0,2,0,2,9,11,5,4,4,7,11,11,-1,-1,2.40,45,75,50,20,0,40,70,10.00,4.30,0.00,0.00,0.00,0.00,6.25,0.00,0.00,0.00,0.00,Merkur Spiel-Arena (Düsseldorf)
1581863400,Feb 16 2020 - 2:30pm,complete,50000,Köln,Bayern München,Felix Zwayer,1.60,2.00,1.31,2.38,1,4,5,3,0,3,"70","3,5,12,66",1,6,1,0,3,0,0,1,1,2,11,18,5,5,6,13,13,10,-1,-1,3.35,55,90,75,55,10,30,85,10.50,4.90,151.00,51.00,1.00,0.00,4.10,0.00,0.00,0.00,0.00,RheinEnergieStadion (Köln)
1581872400,Feb 16 2020 - 5:00pm,complete,27482,Mainz 05,Schalke 04,Guido Winkmann,0.90,1.50,0.88,1.06,0,0,0,0,0,0,"","",3,6,2,0,2,0,1,1,0,2,13,10,6,7,7,3,7,11,-1,-1,3.10,65,80,70,45,20,45,75,10.00,3.50,19.00,1.04,21.00,0.00,7.30,0.00,0.00,0.00,0.00,OPEL ARENA (Mainz)
1582313400,Feb 21 2020 - 7:30pm,complete,75000,Bayern München,Paderborn,Markus Schmidt,2.09,0.90,2.38,0.75,3,2,5,2,1,1,"25,70,88","44,75",11,1,1,0,3,0,0,1,1,2,12,4,8,3,4,1,4,9,-1,-1,3.36,53,91,66,38,24,38,67,14.98,4.11,1.01,29.00,501.00,0.00,3.40,0.00,0.00,0.00,0.00,Allianz Arena (München)
1582381800,Feb 22 2020 - 2:30pm,complete,50250,Borussia M'gladbach,Hoffenheim,Felix Brych,2.50,1.70,2.19,1.69,1,1,2,1,1,0,"11","90'2",8,8,4,0,4,0,2,2,1,3,11,15,8,5,3,10,10,11,-1,-1,3.10,65,80,65,40,20,35,65,10.10,4.90,17.00,1.03,34.00,0.00,7.10,0.00,0.00,0.00,0.00,Stadion im BORUSSIA-PARK (Mönchengladbach)
1582381800,Feb 22 2020 - 2:30pm,complete,42100,Werder Bremen,Borussia Dortmund,Marco Fritz,0.50,1.36,0.38,1.88,0,2,2,0,0,0,"","52,66",2,6,0,0,0,0,0,0,0,0,6,11,4,7,2,4,13,7,-1,-1,3.65,62,91,81,57,19,38,81,12.44,2.97,401.00,51.00,1.00,0.00,4.70,0.00,0.00,0.00,0.00,wohninvest WESERSTADION (Bremen)
1582381800,Feb 22 2020 - 2:30pm,complete,46207,Hertha BSC,Köln,Daniel Schlager,1.00,0.70,1.13,0.88,0,5,5,3,0,3,"","4,22,37,62,69",5,3,2,0,2,0,1,1,0,2,7,10,2,6,5,4,12,10,-1,-1,3.35,63,87,72,48,24,38,77,8.77,5.25,0.00,0.00,0.00,0.00,6.15,0.00,0.00,0.00,0.00,Olympiastadion Berlin (Berlin)
1582381800,Feb 22 2020 - 2:30pm,complete,24000,Freiburg,Fortuna Düsseldorf,Frank Willenborg,1.70,0.55,1.63,0.75,0,2,2,1,0,1,"","37,61",7,4,1,0,4,0,0,1,2,2,12,7,6,4,6,3,12,10,-1,-1,2.88,57,85,62,28,9,10,80,8.84,4.68,401.00,51.00,1.00,0.00,4.85,0.00,0.00,0.00,0.00,Schwarzwald-Stadion (Freiburg im Breisgau)
1582392600,Feb 22 2020 - 5:30pm,complete,61433,Schalke 04,RB Leipzig,Sascha Stegemann,1.82,1.91,1.38,2.13,0,5,5,1,0,1,"","1,61,67,80,89",2,5,2,0,3,0,2,0,1,2,3,9,3,3,0,6,10,7,-1,-1,3.05,55,87,64,32,18,27,64,11.18,3.46,151.00,51.00,1.00,0.00,5.75,0.00,0.00,0.00,0.00,VELTINS-Arena (Gelsenkirchen)
1582468200,Feb 23 2020 - 2:30pm,complete,23703,Bayer Leverkusen,Augsburg,Sven Jablonski,1.73,0.82,1.75,0.94,2,0,2,1,1,0,"25,59","",2,3,2,0,4,0,1,1,3,1,8,8,5,4,3,4,9,13,-1,-1,3.23,64,82,55,41,32,50,78,13.00,3.19,1.00,51.00,401.00,0.00,4.50,0.00,0.00,0.00,0.00,BayArena (Leverkusen)
1582477200,Feb 23 2020 - 5:00pm,complete,21058,Wolfsburg,Mainz 05,Benjamin Cortus,1.27,1.09,1.19,1.25,4,0,4,2,2,0,"21,45,49,68","",4,14,0,0,2,0,0,0,1,1,12,9,3,6,9,3,10,11,-1,-1,3.27,69,87,64,32,23,41,73,10.09,3.91,0.00,0.00,0.00,0.00,4.40,0.00,0.00,0.00,0.00,VOLKSWAGEN ARENA (Wolfsburg)
1582572600,Feb 24 2020 - 7:30pm,complete,47000,Eintracht Frankfurt,Union Berlin,Deniz Aytekin,1.91,0.73,1.56,0.88,1,2,3,0,0,0,"79","49,67",14,6,3,0,4,0,1,2,2,2,16,14,6,9,10,5,10,15,-1,-1,3.28,60,91,64,41,23,41,82,10.27,4.82,501.00,19.00,1.02,0.00,5.75,0.00,0.00,0.00,0.00,Commerzbank-Arena (Frankfurt am Main)
1582918200,Feb 28 2020 - 7:30pm,complete,31632,Fortuna Düsseldorf,Hertha BSC,Tobias Stieler,1.00,1.36,1.06,1.25,3,3,6,3,3,0,"6,9,45'1","64,66,75",3,5,2,0,2,0,1,1,1,1,7,11,3,7,4,4,10,12,-1,-1,2.82,55,82,64,32,5,32,73,8.10,3.91,21.00,1.03,23.00,0.00,7.30,0.00,0.00,0.00,0.00,Merkur Spiel-Arena (Düsseldorf)
1582986600,Feb 29 2020 - 2:30pm,complete,81365,Borussia Dortmund,Freiburg,Robert Hartmann,2.45,1.33,2.25,1.19,1,0,1,1,1,0,"15","",6,4,1,0,0,0,0,1,0,0,10,11,0,6,10,5,5,9,-1,-1,3.86,56,92,79,62,32,57,87,10.92,2.22,1.01,29.00,501.00,0.00,5.20,0.00,0.00,0.00,0.00,Signal-Iduna-Park (Dortmund)
1582986600,Feb 29 2020 - 2:30pm,complete,30150,Hoffenheim,Bayern München,Christian Dingert,1.33,2.09,1.19,2.38,0,6,6,4,0,4,"","2,7,15,33,47,62",1,7,0,0,0,0,0,0,0,0,5,17,3,8,2,9,3,7,-1,-1,3.84,70,100,87,53,30,49,87,10.58,3.60,67.00,34.00,1.01,0.00,0.00,0.00,0.00,0.00,0.00,PreZero Arena (Sinsheim)
1582986600,Feb 29 2020 - 2:30pm,complete,24231,Mainz 05,Paderborn,Harm Osmers,0.91,0.82,0.88,0.75,2,0,2,2,2,0,"29,37","",5,8,1,0,3,0,1,0,1,2,4,9,3,5,1,4,5,16,-1,-1,3.00,60,82,64,36,18,41,73,10.81,4.09,1.00,41.00,501.00,0.00,5.50,0.00,0.00,0.00,0.00,OPEL ARENA (Mainz)
1582986600,Feb 29 2020 - 2:30pm,complete,29303,Augsburg,Borussia M'gladbach,Markus Schmidt,1.64,1.55,1.25,1.50,2,3,5,0,0,0,"57,83","49,53,79",5,3,3,0,2,0,2,1,1,1,6,8,2,5,4,3,10,6,-1,-1,3.10,59,87,69,32,14,45,82,8.09,4.72,501.00,21.00,1.02,0.00,4.70,0.00,0.00,0.00,0.00,WWK Arena (Augsburg)
1582997400,Feb 29 2020 - 5:30pm,complete,50000,Köln,Schalke 04,Manuel Gräfe,1.45,1.45,1.31,1.06,3,0,3,2,2,0,"9,39,75","",4,2,1,0,2,0,1,0,0,2,9,6,5,2,4,4,8,11,-1,-1,2.87,50,78,60,41,18,27,73,9.63,4.37,0.00,0.00,0.00,0.00,6.40,0.00,0.00,0.00,0.00,RheinEnergieStadion (Köln)
1583065800,Mar 1 2020 - 12:30pm,complete,22012,Union Berlin,Wolfsburg,Bastian Dankert,1.64,1.55,1.50,1.69,2,2,4,1,1,0,"41,56","60,81",1,6,1,0,2,0,0,1,1,1,2,9,2,3,0,6,8,14,-1,-1,2.78,41,87,45,27,14,36,64,8.63,4.28,0.00,0.00,0.00,0.00,6.80,0.00,0.00,0.00,0.00,Stadion An der Alten Försterei (Berlin)
1583073000,Mar 1 2020 - 2:30pm,complete,41216,RB Leipzig,Bayer Leverkusen,Felix Zwayer,2.18,1.91,1.81,2.00,1,1,2,2,1,1,"32","29",8,5,0,0,3,0,0,0,2,1,6,11,2,6,4,5,4,13,-1,-1,3.55,64,96,78,50,18,55,87,10.09,3.72,17.00,1.04,23.00,0.00,6.00,0.00,0.00,0.00,0.00,Red Bull Arena (Leipzig)
1583521200,Mar 6 2020 - 7:00pm,complete,15000,Paderborn,Köln,Daniel Siebert,0.58,0.91,0.50,0.88,1,2,3,2,0,2,"73","28,36",5,9,3,0,4,0,1,2,0,4,13,9,5,2,8,7,9,12,-1,-1,3.79,74,96,74,53,39,56,96,10.60,5.22,0.00,0.00,0.00,0.00,5.50,0.00,0.00,0.00,0.00,Benteler-Arena (Paderborn)
1583591400,Mar 7 2020 - 2:30pm,complete,30210,Bayer Leverkusen,Eintracht Frankfurt,Felix Brych,1.83,0.64,1.75,1.00,4,0,4,2,2,0,"4,14,49,55","",1,3,1,0,0,0,0,1,0,0,9,10,3,4,6,6,10,12,-1,-1,2.87,66,83,62,22,13,39,70,14.06,3.94,1.01,34.00,126.00,0.00,6.40,0.00,0.00,0.00,0.00,BayArena (Leverkusen)
1583591400,Mar 7 2020 - 2:30pm,complete,27195,Wolfsburg,RB Leipzig,Daniel Schlager,1.42,2.00,1.19,2.13,0,0,0,0,0,0,"","",4,4,2,0,3,0,0,2,1,2,15,12,5,5,10,7,11,14,-1,-1,3.00,59,88,59,34,21,38,71,11.17,2.84,34.00,1.03,15.00,0.00,6.00,0.00,0.00,0.00,0.00,VOLKSWAGEN ARENA (Wolfsburg)
1583591400,Mar 7 2020 - 2:30pm,complete,58028,Hertha BSC,Werder Bremen,Guido Winkmann,0.92,1.00,1.13,1.38,2,2,4,3,1,2,"41,60","3,6",3,1,3,0,3,0,0,3,0,3,11,5,4,2,7,3,18,7,-1,-1,3.42,63,79,79,54,25,50,80,6.92,5.50,21.00,1.03,23.00,0.00,7.50,0.00,0.00,0.00,0.00,Olympiastadion Berlin (Berlin)
1583591400,Mar 7 2020 - 2:30pm,complete,24000,Freiburg,Union Berlin,Marco Fritz,1.55,0.92,1.63,0.88,3,1,4,1,1,0,"34,55,82","61",7,2,2,0,2,1,1,1,0,3,2,9,0,4,2,5,5,20,-1,-1,2.64,56,83,52,22,9,26,66,8.94,4.45,1.00,51.00,401.00,0.00,8.50,0.00,0.00,0.00,0.00,Schwarzwald-Stadion (Freiburg im Breisgau)
1583591400,Mar 7 2020 - 2:30pm,complete,58324,Schalke 04,Hoffenheim,Sven Jablonski,1.67,1.64,1.38,1.69,1,1,2,1,1,0,"20","69",4,5,0,0,1,0,0,0,0,1,9,2,5,0,4,2,8,12,-1,-1,2.60,53,78,52,22,13,13,61,10.83,4.56,21.00,1.04,19.00,0.00,4.30,0.00,0.00,0.00,0.00,VELTINS-Arena (Gelsenkirchen)
1583602200,Mar 7 2020 - 5:30pm,complete,53877,Borussia M'gladbach,Borussia Dortmund,Sascha Stegemann,2.36,1.50,2.19,1.88,1,2,3,1,0,1,"50","8,71",3,3,5,0,5,0,0,5,2,3,5,5,3,3,2,2,10,10,-1,-1,3.78,75,92,78,61,22,39,78,11.40,3.72,501.00,21.00,1.02,0.00,4.30,0.00,0.00,0.00,0.00,Stadion im BORUSSIA-PARK (Mönchengladbach)
1583677800,Mar 8 2020 - 2:30pm,complete,75000,Bayern München,Augsburg,Bibiana Steinhaus,2.17,0.75,2.38,0.94,2,0,2,0,0,0,"53,90'1","",9,4,1,0,0,0,0,1,0,0,21,10,7,6,14,4,4,7,-1,-1,3.67,58,88,67,54,38,46,79,13.33,3.58,1.02,19.00,501.00,0.00,3.80,0.00,0.00,0.00,0.00,Allianz Arena (München)
1583686800,Mar 8 2020 - 5:00pm,complete,21409,Mainz 05,Fortuna Düsseldorf,Harm Osmers,1.08,0.75,0.88,0.75,1,1,2,0,0,0,"61","85",1,8,2,1,1,0,1,2,1,0,0,20,0,7,0,13,17,9,-1,-1,3.04,58,88,67,38,13,29,92,9.09,5.00,29.00,1.03,17.00,0.00,5.75,0.00,0.00,0.00,0.00,OPEL ARENA (Mainz)
1583947800,Mar 11 2020 - 5:30pm,complete,N/A,Borussia M'gladbach,Köln,Deniz Aytekin,2.17,1.08,2.19,0.88,2,1,3,1,1,0,"32,70","81",6,3,1,0,2,0,0,1,1,1,8,11,5,4,3,7,15,15,-1,-1,3.67,75,96,75,50,29,46,84,11.08,5.50,1.01,23.00,501.00,0.00,6.40,0.00,0.00,0.00,0.00,Stadion im BORUSSIA-PARK (Mönchengladbach)
1589635800,May 16 2020 - 1:30pm,complete,N/A,Borussia Dortmund,Schalke 04,Deniz Aytekin,2.50,1.33,2.25,1.06,4,0,4,2,2,0,"29,45,48,63","",4,2,2,0,2,0,0,2,0,2,8,6,2,4,6,2,9,8,-1,-1,3.50,46,79,71,54,38,46,71,11.25,2.42,1.51,4.65,6.35,1.20,1.65,2.65,4.75,1.77,1.91,Signal-Iduna-Park (Dortmund)
1589635800,May 16 2020 - 1:30pm,complete,N/A,RB Leipzig,Freiburg,Manuel Gräfe,2.08,1.23,1.81,1.19,1,1,2,1,0,1,"77","34",8,4,0,0,1,0,0,0,1,0,19,5,8,0,11,5,11,8,-1,-1,3.38,73,93,69,48,13,56,92,10.27,2.71,1.31,5.75,10.25,1.17,1.56,2.40,4.25,1.91,1.77,Red Bull Arena (Leipzig)
1589635800,May 16 2020 - 1:30pm,complete,N/A,Hoffenheim,Hertha BSC,Christian Dingert,1.23,1.33,1.19,1.25,0,3,3,0,0,0,"","58,60,74",7,5,2,0,3,0,0,2,3,0,14,10,5,6,9,4,7,16,-1,-1,3.51,60,92,80,40,23,36,84,8.90,3.31,2.25,3.60,3.30,1.24,1.77,2.90,5.45,1.61,2.15,PreZero Arena (Sinsheim)
1589635800,May 16 2020 - 1:30pm,complete,N/A,Fortuna Düsseldorf,Paderborn,Frank Willenborg,1.00,0.75,1.06,0.75,0,0,0,0,0,0,"","",2,0,2,0,2,0,1,1,1,1,9,6,4,3,5,3,14,16,-1,-1,3.00,54,88,54,29,21,46,71,10.00,4.25,2.20,3.65,3.35,1.24,1.77,2.95,5.55,1.62,2.10,Merkur Spiel-Arena (Düsseldorf)
1589635800,May 16 2020 - 1:30pm,complete,N/A,Augsburg,Wolfsburg,Felix Brych,1.50,1.50,1.25,1.69,1,2,3,1,0,1,"54","43,90'1",3,1,1,0,3,0,1,0,0,3,5,10,3,4,2,6,8,11,-1,-1,3.34,63,92,67,38,21,38,75,7.66,4.92,3.45,3.45,2.20,1.30,1.95,3.40,6.55,1.74,1.95,WWK Arena (Augsburg)
1589646600,May 16 2020 - 4:30pm,complete,N/A,Eintracht Frankfurt,Borussia M'gladbach,Felix Zwayer,1.75,1.67,1.56,1.50,1,3,4,2,0,2,"81","1,7,73",5,1,5,0,1,0,2,3,1,0,11,13,4,6,7,7,18,10,-1,-1,3.17,54,84,67,42,21,38,75,12.50,4.33,3.00,3.55,2.40,1.21,1.69,2.70,4.90,1.54,2.30,Commerzbank-Arena (Frankfurt am Main)
1589722200,May 17 2020 - 1:30pm,complete,N/A,Köln,Mainz 05,Guido Winkmann,1.58,1.00,1.31,1.25,2,2,4,1,1,0,"6,53","61,72",5,7,4,0,2,0,2,2,1,1,15,9,6,4,9,5,20,14,-1,-1,3.63,50,88,80,50,21,42,88,9.58,5.08,1.95,3.80,3.95,1.18,1.59,2.50,4.40,1.53,2.30,RheinEnergieStadion (Köln)
1589731200,May 17 2020 - 4:00pm,complete,N/A,Union Berlin,Bayern München,Bastian Dankert,1.58,2.17,1.50,2.38,0,2,2,1,0,1,"","40,80",4,9,2,0,1,0,1,1,1,0,7,7,3,3,4,4,12,10,-1,-1,3.50,55,96,71,54,21,46,75,9.09,3.67,15.75,7.75,1.19,1.08,1.30,1.77,2.75,1.80,1.91,Stadion An der Alten Försterei (Berlin)
1589826600,May 18 2020 - 6:30pm,complete,N/A,Werder Bremen,Bayer Leverkusen,Tobias Stieler,0.45,1.83,0.38,2.00,1,4,5,3,1,2,"30","28,33,61,78",2,9,2,0,1,0,0,2,1,0,6,10,0,5,6,5,15,12,-1,-1,3.09,48,92,66,35,18,47,74,10.28,3.97,4.70,4.15,1.74,1.18,1.59,2.45,4.35,1.57,2.25,wohninvest WESERSTADION (Bremen)
1590172200,May 22 2020 - 6:30pm,complete,N/A,Hertha BSC,Union Berlin,Harm Osmers,0.92,0.85,1.13,0.88,4,0,4,0,0,0,"51,52,61,77","",4,6,2,0,1,0,1,1,1,0,17,8,9,0,8,8,12,12,57,43,3.12,62,85,70,43,19,42,69,6.84,5.54,2.35,3.40,3.15,1.27,1.87,3.20,6.00,1.67,2.05,Olympiastadion Berlin (Berlin)
1590240600,May 23 2020 - 1:30pm,complete,N/A,Borussia M'gladbach,Bayer Leverkusen,Sören Storks,2.23,1.92,2.19,2.00,1,3,4,1,0,1,"52","7,58,81",6,3,1,0,1,0,0,1,0,1,18,14,6,7,12,7,16,16,46,54,3.39,70,92,73,42,23,50,81,9.85,4.93,2.35,3.70,2.80,1.14,1.49,2.20,3.75,1.42,2.65,Stadion im BORUSSIA-PARK (Mönchengladbach)
1590240600,May 23 2020 - 1:30pm,complete,N/A,Wolfsburg,Borussia Dortmund,Daniel Siebert,1.38,1.62,1.19,1.88,0,2,2,1,0,1,"","32,78",2,2,4,1,2,0,0,5,0,2,9,7,3,3,6,4,10,9,45,55,3.04,66,85,62,39,12,31,74,11.54,2.69,4.05,3.90,1.91,1.16,1.56,2.40,4.15,1.51,2.35,VOLKSWAGEN ARENA (Wolfsburg)
1590240600,May 23 2020 - 1:30pm,complete,N/A,Freiburg,Werder Bremen,Robert Hartmann,1.67,1.00,1.63,1.38,0,1,1,1,0,1,"","19",7,2,0,0,2,1,0,0,2,1,18,9,9,3,9,6,11,18,63,37,3.10,64,80,68,44,12,35,80,8.81,4.50,2.15,3.70,3.40,1.23,1.74,2.85,5.25,1.61,2.15,Schwarzwald-Stadion (Freiburg im Breisgau)
1590240600,May 23 2020 - 1:30pm,complete,N/A,Paderborn,Hoffenheim,Bibiana Steinhaus,0.54,1.58,0.50,1.69,1,1,2,2,1,1,"9","4",2,8,3,0,0,0,1,2,0,0,14,19,3,7,11,12,14,12,43,57,3.01,72,84,60,32,23,43,84,10.23,5.12,3.15,3.90,2.20,1.15,1.51,2.30,3.95,1.44,2.55,Benteler-Arena (Paderborn)
1590251400,May 23 2020 - 4:30pm,complete,N/A,Bayern München,Eintracht Frankfurt,Marco Fritz,2.23,0.58,2.38,1.00,5,2,7,2,2,0,"17,41,46,61,74","52,55",7,2,0,0,1,0,0,0,1,0,24,12,11,5,13,7,10,7,66,34,3.39,61,88,76,40,20,40,68,14.81,3.85,1.15,9.50,17.50,1.05,1.21,1.57,2.25,1.74,1.91,Allianz Arena (München)
1590319800,May 24 2020 - 11:30am,complete,N/A,Schalke 04,Augsburg,Sascha Stegemann,1.62,0.69,1.38,0.94,0,3,3,1,0,1,"","6,76,90'1",3,2,0,0,2,0,0,0,1,1,13,10,3,8,10,2,14,10,70,30,3.04,54,85,50,35,27,23,70,9.77,3.39,2.00,3.65,3.85,1.27,1.87,3.20,6.00,1.71,2.00,VELTINS-Arena (Gelsenkirchen)
1590327000,May 24 2020 - 1:30pm,complete,N/A,Mainz 05,RB Leipzig,Markus Schmidt,1.08,1.92,0.88,2.13,0,5,5,3,0,3,"","11,23,36,48,75",5,4,3,0,3,0,2,1,3,0,5,19,2,9,3,10,13,11,37,63,3.04,54,81,66,42,20,42,73,9.93,3.62,7.00,5.45,1.42,1.12,1.43,2.10,3.45,1.61,2.15,OPEL ARENA (Mainz)
1590336000,May 24 2020 - 4:00pm,complete,N/A,Köln,Fortuna Düsseldorf,Benjamin Cortus,1.54,0.77,1.31,0.75,2,2,4,1,0,1,"88,90'1","41,61",6,2,0,0,1,0,0,0,0,1,15,10,6,5,9,5,19,16,57,43,3.12,54,93,66,39,12,16,92,9.08,5.70,21.00,1.02,23.00,0.00,7.30,0.00,0.00,0.00,0.00,RheinEnergieStadion (Köln)
1590510600,May 26 2020 - 4:30pm,complete,N/A,Borussia Dortmund,Bayern München,Tobias Stieler,2.54,2.23,2.25,2.38,0,1,1,1,0,1,"","43",4,3,2,0,2,0,1,1,0,2,14,13,6,7,8,6,9,15,52,48,4.12,50,93,85,73,39,54,85,12.23,2.69,3.95,4.55,1.80,1.09,1.34,1.91,3.00,1.36,2.85,Signal-Iduna-Park (Dortmund)
1590517800,May 26 2020 - 6:30pm,complete,N/A,Bayer Leverkusen,Wolfsburg,Daniel Schlager,1.92,1.62,1.75,1.69,1,4,5,1,0,1,"85","43,64,67,75",12,6,3,0,3,0,1,2,1,2,7,13,2,9,5,4,10,16,61,39,2.92,54,85,54,31,15,43,73,12.08,4.16,1.74,4.15,4.75,1.17,1.57,2.45,4.30,1.57,2.25,BayArena (Leverkusen)
1590517800,May 26 2020 - 6:30pm,complete,N/A,Eintracht Frankfurt,Freiburg,Martin Petersen,1.62,1.21,1.56,1.19,3,3,6,2,1,1,"35,79,82","28,67,69",9,2,4,0,1,0,1,3,1,0,22,6,14,5,8,1,14,8,66,34,3.28,63,89,67,45,15,44,89,11.17,3.66,2.05,3.55,3.75,1.29,1.91,3.30,6.35,1.74,1.95,Commerzbank-Arena (Frankfurt am Main)
1590517800,May 26 2020 - 6:30pm,complete,N/A,Werder Bremen,Borussia M'gladbach,Manuel Gräfe,0.42,1.77,0.38,1.50,0,0,0,0,0,0,"","",8,5,2,0,1,0,2,0,0,1,13,9,8,5,5,4,14,9,47,53,3.05,52,85,65,40,20,44,68,10.69,3.81,4.50,4.10,1.77,1.17,1.57,2.45,4.30,1.56,2.25,wohninvest WESERSTADION (Bremen)
1590597000,May 27 2020 - 4:30pm,complete,N/A,RB Leipzig,Hertha BSC,Bastian Dankert,2.00,1.46,1.81,1.25,2,2,4,2,1,1,"24,68","9,82",4,7,1,1,3,0,1,1,1,2,12,13,5,4,7,9,10,19,50,50,3.39,70,93,73,46,12,39,81,10.31,3.23,1.31,6.10,9.50,1.11,1.39,2.00,3.25,1.67,2.10,Red Bull Arena (Leipzig)
1590604200,May 27 2020 - 6:30pm,complete,N/A,Hoffenheim,Köln,Felix Brych,1.14,1.00,1.19,0.88,3,1,4,1,1,0,"11,46,48","60",0,10,5,1,1,1,3,3,1,1,8,23,6,7,2,16,10,8,37,63,3.74,63,100,82,41,34,45,89,10.74,4.05,2.55,3.80,2.65,1.14,1.49,2.25,3.80,1.43,2.60,PreZero Arena (Sinsheim)
1590604200,May 27 2020 - 6:30pm,complete,N/A,Fortuna Düsseldorf,Schalke 04,Tobias Welz,1.00,1.23,1.06,1.06,2,1,3,0,0,0,"63,68","53",7,2,3,0,2,0,0,3,2,0,12,8,7,3,5,5,10,13,60,40,2.81,50,77,58,35,19,46,66,8.31,3.69,2.60,3.35,2.85,1.34,2.05,3.70,7.00,1.80,1.91,Merkur Spiel-Arena (Düsseldorf)
1590604200,May 27 2020 - 6:30pm,complete,N/A,Augsburg,Paderborn,Deniz Aytekin,1.38,0.77,1.25,0.75,0,0,0,0,0,0,"","",6,6,1,0,1,0,0,1,0,1,16,13,4,2,12,11,7,14,54,46,3.23,62,93,66,31,23,38,74,8.23,4.62,1.95,3.80,3.90,1.18,1.56,2.50,4.45,1.54,2.30,WWK Arena (Augsburg)
1590604200,May 27 2020 - 6:30pm,complete,N/A,Union Berlin,Mainz 05,Robert Schröder,1.46,1.00,1.50,1.25,1,1,2,2,1,1,"33","13",6,6,3,1,2,0,2,2,0,2,8,13,4,4,4,9,16,17,44,56,3.50,50,92,69,47,20,43,77,8.61,4.23,2.45,3.45,3.00,1.25,1.80,3.00,5.60,1.61,2.15,Stadion An der Alten Försterei (Berlin)
1590777000,May 29 2020 - 6:30pm,complete,N/A,Freiburg,Bayer Leverkusen,Marco Fritz,1.54,2.00,1.63,2.00,0,1,1,0,0,0,"","54",6,6,0,0,2,0,0,0,0,2,10,8,3,2,7,6,8,13,40,60,2.84,52,81,59,33,11,33,78,9.83,3.59,4.70,4.00,1.69,1.16,1.54,2.35,4.10,1.56,2.25,Schwarzwald-Stadion (Freiburg im Breisgau)
1590845400,May 30 2020 - 1:30pm,complete,N/A,Wolfsburg,Eintracht Frankfurt,Guido Winkmann,1.29,0.54,1.19,1.00,1,2,3,1,0,1,"58","27,85",4,3,4,0,5,1,2,2,1,5,23,7,5,4,18,3,14,15,57,43,2.76,63,82,57,23,11,34,67,11.02,3.57,1.95,3.90,3.85,1.18,1.61,2.50,4.45,1.54,2.30,VOLKSWAGEN ARENA (Wolfsburg)
1590845400,May 30 2020 - 1:30pm,complete,N/A,Hertha BSC,Augsburg,Sven Jablonski,1.07,0.86,1.13,0.94,2,0,2,1,1,0,"23,90'2","",7,8,3,0,3,0,2,1,1,2,12,11,6,5,6,6,19,7,51,49,3.29,50,83,65,50,29,40,72,7.29,4.14,1.95,3.80,3.95,1.22,1.71,2.80,5.10,1.61,2.15,Olympiastadion Berlin (Berlin)
1590845400,May 30 2020 - 1:30pm,complete,N/A,Mainz 05,Hoffenheim,Sascha Stegemann,1.00,1.54,0.88,1.69,0,1,1,1,0,1,"","43",10,7,4,0,3,0,4,0,3,0,18,12,2,6,16,6,16,15,55,45,2.62,60,78,51,29,11,37,74,10.22,4.24,2.65,3.80,2.60,1.15,1.50,2.25,3.85,1.43,2.55,OPEL ARENA (Mainz)
1590845400,May 30 2020 - 1:30pm,complete,N/A,Schalke 04,Werder Bremen,Felix Zwayer,1.50,1.14,1.38,1.38,0,1,1,1,0,1,"","32",4,8,5,0,3,0,3,2,1,2,12,7,2,3,10,4,19,15,44,56,3.15,61,83,68,39,18,32,79,8.78,4.64,2.60,3.35,2.90,1.33,2.05,3.65,7.00,1.77,1.91,VELTINS-Arena (Gelsenkirchen)
1590856200,May 30 2020 - 4:30pm,complete,N/A,Bayern München,Fortuna Düsseldorf,Robert Hartmann,2.29,0.79,2.38,0.75,5,0,5,3,3,0,"15,29,43,50,52","",7,2,0,0,2,0,0,0,1,1,22,7,9,2,13,5,9,10,69,31,3.61,61,97,72,47,25,29,82,13.00,4.57,1.10,11.50,27.25,1.04,1.19,1.53,2.15,1.87,1.83,Allianz Arena (München)
1590931800,May 31 2020 - 1:30pm,complete,N/A,Borussia M'gladbach,Union Berlin,Frank Willenborg,2.07,0.79,2.19,0.88,4,1,5,2,2,0,"17,41,59,81","50",4,3,3,0,2,0,2,1,2,0,16,13,9,6,7,7,14,9,56,44,3.32,75,93,72,43,18,36,72,9.21,5.36,1.54,4.30,6.55,1.20,1.67,2.65,4.85,1.71,1.95,Stadion im BORUSSIA-PARK (Mönchengladbach)
1590940800,May 31 2020 - 4:00pm,complete,N/A,Paderborn,Borussia Dortmund,Daniel Siebert,0.57,1.71,0.50,1.88,1,6,7,0,0,0,"72","54,57,74,85,89,90'1",2,8,2,0,3,0,0,2,0,3,10,16,2,11,8,5,4,5,40,60,3.64,75,93,75,50,25,50,93,10.28,4.14,9.00,5.80,1.33,1.13,1.47,2.15,3.65,1.71,2.00,Benteler-Arena (Paderborn)
1591036200,Jun 1 2020 - 6:30pm,complete,N/A,Köln,RB Leipzig,Christian Dingert,1.50,2.00,1.31,2.13,2,4,6,3,1,2,"7,55","20,38,50,57",4,7,2,0,1,0,1,1,0,1,7,19,5,9,2,10,15,8,51,49,3.29,47,86,71,50,22,32,82,9.93,4.29,6.15,4.95,1.50,1.11,1.40,2.00,3.30,1.51,2.35,RheinEnergieStadion (Köln)
1591209000,Jun 3 2020 - 6:30pm,complete,N/A,Werder Bremen,Eintracht Frankfurt,Patrick Ittrich,0.46,0.71,0.38,1.00,0,3,3,0,0,0,"","60,81,90",5,6,2,0,1,0,1,1,1,0,12,12,4,5,8,7,15,20,56,44,3.15,59,86,71,34,19,37,67,11.22,3.91,2.80,3.35,2.50,1.23,1.74,2.90,5.35,1.59,2.20,wohninvest WESERSTADION (Bremen)
1591381800,Jun 5 2020 - 6:30pm,complete,N/A,Freiburg,Borussia M'gladbach,Markus Schmidt,1.43,1.71,1.63,1.50,1,0,1,0,0,0,"58","",3,10,4,0,2,1,3,1,2,1,15,18,6,4,9,14,14,14,38,62,2.47,47,68,50,29,7,25,64,10.35,3.43,4.55,4.15,1.77,1.18,1.61,2.55,4.45,1.59,2.15,Schwarzwald-Stadion (Freiburg im Breisgau)
1591450200,Jun 6 2020 - 1:30pm,complete,N/A,RB Leipzig,Paderborn,Deniz Aytekin,1.93,0.79,1.81,0.75,1,1,2,1,1,0,"27","90'2",7,9,1,1,4,0,2,0,3,1,12,16,4,5,8,11,10,12,47,53,3.11,65,90,57,39,18,47,75,11.57,3.42,1.12,10.50,23.25,1.04,1.20,1.54,2.20,1.83,1.83,Red Bull Arena (Leipzig)
1591450200,Jun 6 2020 - 1:30pm,complete,N/A,Bayer Leverkusen,Bayern München,Manuel Gräfe,1.79,2.29,1.75,2.38,2,4,6,4,1,3,"9,89","27,42,45,66",6,4,3,0,3,0,2,1,3,0,11,16,7,10,4,6,13,4,46,54,3.43,57,90,68,50,25,50,83,13.36,3.64,6.75,5.40,1.43,1.07,1.27,1.71,2.55,1.44,2.55,BayArena (Leverkusen)
1591450200,Jun 6 2020 - 1:30pm,complete,N/A,Eintracht Frankfurt,Mainz 05,Felix Brych,1.57,1.00,1.56,1.25,0,2,2,1,0,1,"","43,77",7,5,3,0,3,0,0,3,1,2,11,14,0,4,11,10,17,14,61,39,3.93,64,93,83,57,29,50,86,12.22,4.86,2.00,3.85,3.65,1.15,1.51,2.30,3.95,1.47,2.50,Commerzbank-Arena (Frankfurt am Main)
1591450200,Jun 6 2020 - 1:30pm,complete,N/A,Fortuna Düsseldorf,Hoffenheim,Sören Storks,1.14,1.64,1.06,1.69,2,2,4,2,1,1,"5,76","16,61",7,1,4,0,4,1,2,2,1,4,15,6,5,3,10,3,11,12,64,36,2.50,57,75,47,22,11,32,68,9.72,4.36,2.80,3.60,2.50,1.21,1.67,2.70,4.90,1.54,2.30,Merkur Spiel-Arena (Düsseldorf)
1591461000,Jun 6 2020 - 4:30pm,complete,N/A,Borussia Dortmund,Hertha BSC,Harm Osmers,2.36,1.43,2.25,1.25,1,0,1,0,0,0,"57","",6,0,0,0,2,0,0,0,0,2,14,6,4,3,10,3,7,11,60,40,3.61,47,83,79,57,25,40,79,10.57,3.00,1.41,5.10,8.00,1.12,1.42,2.05,3.40,1.57,2.20,Signal-Iduna-Park (Dortmund)
1591529400,Jun 7 2020 - 11:30am,complete,N/A,Werder Bremen,Wolfsburg,Bibiana Steinhaus,0.43,1.71,0.38,1.69,0,1,1,0,0,0,"","82",5,4,3,0,3,0,1,2,0,3,13,17,3,3,10,14,16,13,49,51,3.04,50,86,61,36,21,33,64,10.50,4.21,3.80,3.70,2.00,1.25,1.80,3.05,5.70,1.69,2.05,wohninvest WESERSTADION (Bremen)
1591536600,Jun 7 2020 - 1:30pm,complete,N/A,Union Berlin,Schalke 04,Tobias Stieler,1.43,1.14,1.50,1.06,1,1,2,2,1,1,"11","28",9,4,3,0,1,0,2,1,0,1,14,5,6,2,8,3,18,12,45,55,2.79,47,86,54,33,14,40,64,8.00,3.65,2.30,3.20,3.45,1.43,2.30,4.40,8.75,1.95,1.74,Stadion An der Alten Försterei (Berlin)
1591545600,Jun 7 2020 - 4:00pm,complete,N/A,Augsburg,Köln,Benjamin Cortus,1.36,0.93,1.25,0.88,1,1,2,0,0,0,"88","85",9,2,1,0,3,0,0,1,2,1,16,10,5,3,11,7,11,22,53,47,3.57,71,97,79,43,25,40,86,9.00,4.92,2.85,3.55,2.50,1.20,1.65,2.65,4.75,1.53,2.30,WWK Arena (Augsburg)
1591986600,Jun 12 2020 - 6:30pm,complete,N/A,Hoffenheim,RB Leipzig,Tobias Welz,1.27,2.07,1.19,2.13,0,2,2,2,0,2,"","9,11",9,1,2,0,2,0,2,0,1,1,26,17,8,9,18,8,12,18,57,43,3.70,54,94,80,47,37,44,80,9.93,3.47,6.35,5.45,1.44,1.08,1.32,1.83,2.85,1.47,2.45,PreZero Arena (Sinsheim)
1592055000,Jun 13 2020 - 1:30pm,complete,N/A,Wolfsburg,Freiburg,Bastian Dankert,1.20,1.20,1.19,1.19,2,2,4,3,2,1,"14,26","43,46",6,5,0,0,1,0,0,0,1,0,22,12,8,7,14,5,15,9,49,51,2.70,64,84,50,27,10,40,80,9.40,3.13,1.74,3.85,4.95,1.24,1.77,2.95,5.45,1.69,2.00,VOLKSWAGEN ARENA (Wolfsburg)
1592055000,Jun 13 2020 - 1:30pm,complete,N/A,Fortuna Düsseldorf,Borussia Dortmund,Sascha Stegemann,1.13,1.80,1.06,1.88,0,1,1,0,0,0,"","90'5",6,1,1,0,3,0,0,1,0,3,8,8,5,5,3,3,6,13,41,59,3.40,64,87,70,47,17,37,74,10.00,3.73,8.50,5.70,1.36,1.13,1.43,2.10,3.50,1.71,2.00,Merkur Spiel-Arena (Düsseldorf)
1592055000,Jun 13 2020 - 1:30pm,complete,N/A,Hertha BSC,Eintracht Frankfurt,Robert Hartmann,1.20,0.87,1.13,1.00,1,4,5,1,1,0,"24","51,62,68,86",1,5,2,1,2,0,2,1,0,2,7,18,4,8,3,10,14,7,40,60,3.24,57,84,77,40,17,37,67,8.80,4.73,2.25,3.65,3.20,1.18,1.61,2.55,4.45,1.51,2.35,Olympiastadion Berlin (Berlin)
1592055000,Jun 13 2020 - 1:30pm,complete,N/A,Köln,Union Berlin,Martin Petersen,1.40,0.73,1.31,0.88,1,2,3,1,0,1,"90'2","39,67",4,6,3,0,0,0,1,2,0,0,11,8,7,5,4,3,18,17,55,45,3.27,60,90,70,47,17,34,80,8.67,5.20,2.20,3.45,3.45,1.27,1.87,3.20,6.00,1.69,2.05,RheinEnergieStadion (Köln)
1592055000,Jun 13 2020 - 1:30pm,complete,N/A,Paderborn,Werder Bremen,Christian Dingert,0.53,1.27,0.50,1.38,1,5,6,3,0,3,"66","20,34,39,59,90'2",11,2,6,0,3,0,2,4,1,2,18,9,5,6,13,3,15,18,46,54,3.57,77,83,73,50,30,60,93,8.40,5.60,3.30,3.65,2.20,1.22,1.71,2.80,5.10,1.59,2.20,Benteler-Arena (Paderborn)
1592065800,Jun 13 2020 - 4:30pm,complete,N/A,Bayern München,Borussia M'gladbach,Felix Zwayer,2.33,1.60,2.38,1.50,2,1,3,2,1,1,"26,86","37",3,1,0,0,2,0,0,0,1,1,10,9,5,3,5,6,12,11,50,50,3.30,50,80,67,47,27,47,67,14.07,3.73,1.44,5.15,6.90,1.10,1.35,1.91,3.05,1.49,2.40,Allianz Arena (München)
1592141400,Jun 14 2020 - 1:30pm,complete,N/A,Mainz 05,Augsburg,Marco Fritz,0.93,0.80,0.88,0.94,0,1,1,1,0,1,"","1",9,5,2,0,4,0,1,1,2,2,19,12,6,6,13,6,8,14,65,35,3.00,50,80,54,40,23,40,80,9.53,3.80,2.30,3.45,3.25,1.24,1.77,2.95,5.55,1.61,2.15,OPEL ARENA (Mainz)
1592150400,Jun 14 2020 - 4:00pm,complete,N/A,Schalke 04,Bayer Leverkusen,Daniel Siebert,1.40,2.07,1.38,2.00,1,1,2,0,0,0,"51","81",1,9,4,0,1,0,2,2,0,1,7,14,4,4,3,10,13,6,31,69,2.90,50,84,60,30,17,30,74,9.80,4.07,7.25,4.90,1.44,1.19,1.62,2.55,4.55,1.80,1.87,VELTINS-Arena (Gelsenkirchen)
1592325000,Jun 16 2020 - 4:30pm,complete,N/A,Borussia M'gladbach,Wolfsburg,Robert Schröder,2.13,1.80,2.19,1.69,3,0,3,2,2,0,"10,30,65","",5,3,1,0,4,0,0,1,1,3,7,10,0,3,7,7,15,17,-1,-1,3.30,70,87,67,43,24,34,74,9.87,5.13,2.35,3.60,3.00,1.20,1.65,2.65,4.75,1.53,2.30,Stadion im BORUSSIA-PARK (Mönchengladbach)
1592332200,Jun 16 2020 - 6:30pm,complete,N/A,Werder Bremen,Bayern München,Harm Osmers,0.40,2.33,0.38,2.38,0,1,1,1,0,1,"","43",0,10,2,0,2,1,0,2,1,2,7,10,3,4,4,6,8,13,-1,-1,3.40,50,87,70,50,27,43,70,11.20,3.73,15.50,7.50,1.20,1.08,1.31,1.80,2.80,1.80,1.87,wohninvest WESERSTADION (Bremen)
1592332200,Jun 16 2020 - 6:30pm,complete,N/A,Freiburg,Hertha BSC,Tobias Stieler,1.53,1.33,1.63,1.25,2,1,3,0,0,0,"61,71","66",5,5,0,0,2,0,0,0,1,1,9,11,7,6,2,5,5,16,-1,-1,2.64,47,70,57,30,4,17,64,9.20,3.60,2.70,3.45,2.70,1.23,1.74,2.90,5.35,1.59,2.20,Schwarzwald-Stadion (Freiburg im Breisgau)
1592332200,Jun 16 2020 - 6:30pm,complete,N/A,Union Berlin,Paderborn,Bibiana Steinhaus,1.40,0.80,1.50,0.75,1,0,1,1,1,0,"27","",1,5,1,0,1,0,0,1,0,1,12,10,8,5,4,5,14,16,-1,-1,2.60,47,87,40,24,14,37,67,9.87,4.26,1.83,3.75,4.50,1.23,1.74,2.85,5.25,1.65,2.10,Stadion An der Alten Försterei (Berlin)
1592411400,Jun 17 2020 - 4:30pm,complete,N/A,Eintracht Frankfurt,Schalke 04,Guido Winkmann,1.47,1.13,1.56,1.06,2,1,3,1,1,0,"28,50","59",5,3,3,0,4,1,1,2,1,4,13,6,4,4,9,2,9,14,-1,-1,3.24,57,87,67,43,24,44,74,11.33,4.13,1.65,4.20,5.35,1.23,1.74,2.90,5.35,1.74,1.95,Commerzbank-Arena (Frankfurt am Main)
1592418600,Jun 17 2020 - 6:30pm,complete,N/A,Borussia Dortmund,Mainz 05,Frank Willenborg,2.40,1.13,2.25,1.25,0,2,2,1,0,1,"","33,49",7,1,6,0,3,0,2,4,1,2,13,8,6,5,7,3,13,13,-1,-1,3.87,47,83,77,60,34,50,84,11.33,3.33,1.33,5.80,9.25,1.12,1.43,2.10,3.45,1.67,2.05,Signal-Iduna-Park (Dortmund)
1592418600,Jun 17 2020 - 6:30pm,complete,N/A,RB Leipzig,Fortuna Düsseldorf,Manuel Gräfe,1.87,0.73,1.81,0.75,2,2,4,0,0,0,"60,63","87,90'2",5,2,1,0,0,0,0,1,0,0,10,9,4,0,6,9,6,6,-1,-1,3.43,74,100,67,47,17,33,93,10.13,4.14,1.30,6.00,10.50,1.12,1.43,2.10,3.45,1.71,1.95,Red Bull Arena (Leipzig)
1592418600,Jun 17 2020 - 6:30pm,complete,N/A,Bayer Leverkusen,Köln,Sven Jablonski,1.67,0.93,1.75,0.88,3,1,4,2,2,0,"7,39,83","59",7,3,2,0,2,0,2,0,1,1,12,6,4,0,8,6,12,14,-1,-1,3.44,67,94,67,44,27,47,84,13.40,4.53,1.56,4.75,5.60,1.12,1.42,2.05,3.40,1.49,2.40,BayArena (Leverkusen)
1592418600,Jun 17 2020 - 6:30pm,complete,N/A,Augsburg,Hoffenheim,Deniz Aytekin,1.33,1.60,1.25,1.69,1,3,4,0,0,0,"69","59,62,89",6,4,2,0,1,0,0,2,0,1,8,6,4,2,4,4,9,15,-1,-1,2.83,67,83,57,27,14,30,73,8.67,4.73,3.00,3.90,2.25,1.14,1.49,2.20,3.75,1.43,2.60,WWK Arena (Augsburg)
1592659800,Jun 20 2020 - 1:30pm,incomplete,-1,Bayern München,Freiburg,N/A,2.38,1.19,2.38,1.19,0,0,0,0,0,0,"","",-1,-1,0,0,0,0,0,0,0,0,-2,-2,-1,-1,-1,-1,-1,-1,-1,-1,3.60,63,91,72,50,26,56,85,12.44,2.82,1.26,6.15,10.25,1.09,1.34,1.87,2.95,1.67,2.05,N/A
1592659800,Jun 20 2020 - 1:30pm,incomplete,-1,RB Leipzig,Borussia Dortmund,N/A,1.81,1.88,1.81,1.88,0,0,0,0,0,0,"","",-1,-1,0,0,0,0,0,0,0,0,-2,-2,-1,-1,-1,-1,-1,-1,-1,-1,3.66,76,94,72,56,16,38,82,11.44,2.94,2.25,3.65,3.00,1.16,1.53,2.35,4.05,1.45,2.50,N/A
1592659800,Jun 20 2020 - 1:30pm,incomplete,-1,Hoffenheim,Union Berlin,N/A,1.19,0.88,1.19,0.88,0,0,0,0,0,0,"","",-1,-1,0,0,0,0,0,0,0,0,-2,-2,-1,-1,-1,-1,-1,-1,-1,-1,3.44,63,97,75,38,25,41,79,9.00,4.32,1.62,4.20,5.05,1.17,1.56,2.40,4.25,1.59,2.20,N/A
1592659800,Jun 20 2020 - 1:30pm,incomplete,-1,Fortuna Düsseldorf,Augsburg,N/A,1.06,0.94,1.06,0.94,0,0,0,0,0,0,"","",-1,-1,0,0,0,0,0,0,0,0,-2,-2,-1,-1,-1,-1,-1,-1,-1,-1,2.91,50,78,50,35,22,38,72,8.88,3.94,1.95,3.75,3.65,1.21,1.69,2.75,5.00,1.61,2.15,N/A
1592659800,Jun 20 2020 - 1:30pm,incomplete,-1,Hertha BSC,Bayer Leverkusen,N/A,1.13,2.00,1.13,2.00,0,0,0,0,0,0,"","",-1,-1,0,0,0,0,0,0,0,0,-2,-2,-1,-1,-1,-1,-1,-1,-1,-1,3.19,53,85,69,47,22,44,72,8.13,4.76,5.00,4.15,1.65,1.14,1.49,2.20,3.75,1.51,2.35,N/A
1592659800,Jun 20 2020 - 1:30pm,incomplete,-1,Mainz 05,Werder Bremen,N/A,0.88,1.38,0.88,1.38,0,0,0,0,0,0,"","",-1,-1,0,0,0,0,0,0,0,0,-2,-2,-1,-1,-1,-1,-1,-1,-1,-1,3.10,60,72,66,47,19,50,88,9.07,5.06,2.55,3.60,2.60,1.20,1.65,2.65,4.75,1.53,2.30,N/A
1592659800,Jun 20 2020 - 1:30pm,incomplete,-1,Schalke 04,Wolfsburg,N/A,1.38,1.69,1.38,1.69,0,0,0,0,0,0,"","",-1,-1,0,0,0,0,0,0,0,0,-2,-2,-1,-1,-1,-1,-1,-1,-1,-1,2.79,50,81,53,25,16,19,66,9.50,4.69,4.90,4.00,1.67,1.23,1.74,2.85,5.25,1.71,2.00,N/A
1592659800,Jun 20 2020 - 1:30pm,incomplete,-1,Köln,Eintracht Frankfurt,N/A,1.31,1.00,1.31,1.00,0,0,0,0,0,0,"","",-1,-1,0,0,0,0,0,0,0,0,-2,-2,-1,-1,-1,-1,-1,-1,-1,-1,3.35,63,88,78,41,16,28,82,10.13,4.63,2.70,3.65,2.45,1.15,1.51,2.30,3.95,1.44,2.55,N/A
1592659800,Jun 20 2020 - 1:30pm,incomplete,-1,Paderborn,Borussia M'gladbach,N/A,0.50,1.50,0.50,1.50,0,0,0,0,0,0,"","",-1,-1,0,0,0,0,0,0,0,0,-2,-2,-1,-1,-1,-1,-1,-1,-1,-1,3.25,69,82,66,41,29,57,79,10.06,5.00,8.75,5.85,1.30,1.09,1.34,1.91,3.00,1.62,2.10,N/A
1593264600,Jun 27 2020 - 1:30pm,incomplete,-1,Borussia Dortmund,Hoffenheim,N/A,2.25,1.69,2.25,1.69,0,0,0,0,0,0,"","",-1,-1,0,0,0,0,0,0,0,0,-2,-2,-1,-1,-1,-1,-1,-1,-1,-1,3.07,47,75,57,44,22,35,75,11.50,3.63,0.00,0.00,0.00,0.00,0.00,0.00,0.00,0.00,0.00,N/A
1593264600,Jun 27 2020 - 1:30pm,incomplete,-1,Bayer Leverkusen,Mainz 05,N/A,1.75,1.25,1.75,1.25,0,0,0,0,0,0,"","",-1,-1,0,0,0,0,0,0,0,0,-2,-2,-1,-1,-1,-1,-1,-1,-1,-1,3.56,60,91,69,47,25,53,85,12.44,4.37,0.00,0.00,0.00,0.00,0.00,0.00,0.00,0.00,0.00,N/A
1593264600,Jun 27 2020 - 1:30pm,incomplete,-1,Borussia M'gladbach,Hertha BSC,N/A,2.19,1.25,2.19,1.25,0,0,0,0,0,0,"","",-1,-1,0,0,0,0,0,0,0,0,-2,-2,-1,-1,-1,-1,-1,-1,-1,-1,3.35,69,88,78,44,16,35,72,9.25,4.57,0.00,0.00,0.00,0.00,0.00,0.00,0.00,0.00,0.00,N/A
1593264600,Jun 27 2020 - 1:30pm,incomplete,-1,Wolfsburg,Bayern München,N/A,1.19,2.38,1.19,2.38,0,0,0,0,0,0,"","",-1,-1,0,0,0,0,0,0,0,0,-2,-2,-1,-1,-1,-1,-1,-1,-1,-1,3.07,60,85,60,41,19,41,79,11.19,3.69,0.00,0.00,0.00,0.00,0.00,0.00,0.00,0.00,0.00,N/A
1593264600,Jun 27 2020 - 1:30pm,incomplete,-1,Eintracht Frankfurt,Paderborn,N/A,1.56,0.75,1.56,0.75,0,0,0,0,0,0,"","",-1,-1,0,0,0,0,0,0,0,0,-2,-2,-1,-1,-1,-1,-1,-1,-1,-1,3.04,54,85,57,35,22,35,76,12.69,4.69,0.00,0.00,0.00,0.00,0.00,0.00,0.00,0.00,0.00,N/A
1593264600,Jun 27 2020 - 1:30pm,incomplete,-1,Werder Bremen,Köln,N/A,0.38,0.88,0.38,0.88,0,0,0,0,0,0,"","",-1,-1,0,0,0,0,0,0,0,0,-2,-2,-1,-1,-1,-1,-1,-1,-1,-1,3.19,57,88,66,41,22,38,72,10.94,4.44,0.00,0.00,0.00,0.00,0.00,0.00,0.00,0.00,0.00,N/A
1593264600,Jun 27 2020 - 1:30pm,incomplete,-1,Freiburg,Schalke 04,N/A,1.63,1.06,1.63,1.06,0,0,0,0,0,0,"","",-1,-1,0,0,0,0,0,0,0,0,-2,-2,-1,-1,-1,-1,-1,-1,-1,-1,2.53,50,72,54,25,10,25,60,9.32,3.32,0.00,0.00,0.00,0.00,0.00,0.00,0.00,0.00,0.00,N/A
1593264600,Jun 27 2020 - 1:30pm,incomplete,-1,Augsburg,RB Leipzig,N/A,1.25,2.13,1.25,2.13,0,0,0,0,0,0,"","",-1,-1,0,0,0,0,0,0,0,0,-2,-2,-1,-1,-1,-1,-1,-1,-1,-1,3.44,60,91,72,44,29,41,72,8.50,3.94,0.00,0.00,0.00,0.00,0.00,0.00,0.00,0.00,0.00,N/A
1593264600,Jun 27 2020 - 1:30pm,incomplete,-1,Union Berlin,Fortuna Düsseldorf,N/A,1.50,0.75,1.50,0.75,0,0,0,0,0,0,"","",-1,-1,0,0,0,0,0,0,0,0,-2,-2,-1,-1,-1,-1,-1,-1,-1,-1,2.97,54,94,54,35,13,26,82,7.82,4.57,0.00,0.00,0.00,0.00,0.00,0.00,0.00,0.00,0.00,N/A
